link,hotel,price,checkin_date,city,text
https://www.booking.com/hotel/es/albahia.html?label=gen173nr-10CAEoggI46AdIMVgEaEaIAQGYATO4AQfIAQzYAQPoAQH4AQGIAgGoAgG4AoOluMsGwAIB0gIkNmNhY2FhZjctYjEyNi00ZTViLWJmZTMtNzEwZDczMDJlNDky2AIB4AIB&aid=304142&ucfs=1&arphpl=1&checkin=2026-02-27&checkout=2026-03-06&dest_id=-370210&dest_type=city&group_adults=2&req_adults=2&no_rooms=1&group_children=0&req_children=0&hpos=1&hapos=1&sr_order=popularity&nflt=ht_id%3D204&srpvid=24364f4c77730267&srepoch=1768821402&all_sr_blocks=9071713_88182224_2_42_0&highlighted_blocks=9071713_88182224_2_42_0&matching_block_id=9071713_88182224_2_42_0&sr_pri_blocks=9071713_88182224_2_42_0__35040&from=searchresults,Hotel Albahia Alicante,350.0,2026-02-27,Alicante,"O Hotel Albahia Alicante está localizado a 8 minutos a pé da Praia de La Albufereta, em Alicante, e a menos de 2 km do centro histórico. O hotel dispõe de 9 quadras de tênis, academia gratuita e Wi-Fi gratuito.

O Hotel Albahia Alicante está localizado a 300 metros do elétrico que liga ao centro de Alicante, à Praia de Postiguet, a Benidorm e ao Parque Temático Terra Mítica. Existem também duas linhas de ônibus que levam ao centro.

O Clube Atlético Montemar, o Centro Comercial Plaza Mar 2 e o Castelo de Santa Bárbara ficam a menos de 5 minutos de carro do Hotel Albahia Alicante.

Distribuídos por 3 andares, a maioria dos quartos do Albahía possui ar condicionado e aquecimento, cofre e TV via satélite.

O restaurante serve refeições espanholas à la carte e oferece vista para o mar. Tapas e pinchos estão disponíveis no bar."
https://www.booking.com/hotel/es/estudiotel-alicante.html?label=gen173nr-10CAEoggI46AdIMVgEaEaIAQGYATO4AQfIAQzYAQPoAQH4AQGIAgGoAgG4AoOluMsGwAIB0gIkNmNhY2FhZjctYjEyNi00ZTViLWJmZTMtNzEwZDczMDJlNDky2AIB4AIB&aid=304142&ucfs=1&arphpl=1&checkin=2026-02-27&checkout=2026-03-06&dest_id=-370210&dest_type=city&group_adults=2&req_adults=2&no_rooms=1&group_children=0&req_children=0&hpos=2&hapos=2&sr_order=popularity&nflt=ht_id%3D204&srpvid=24364f4c77730267&srepoch=1768821402&all_sr_blocks=1304501_95136853_0_2_0&highlighted_blocks=1304501_95136853_0_2_0&matching_block_id=1304501_95136853_0_2_0&sr_pri_blocks=1304501_95136853_0_2_0__44337&from=searchresults,Estudiotel Alicante,443.0,2026-02-27,Alicante,"Os quartos espaçosos do Estudiotel Alicante oferecem Wi-Fi gratuito. Está localizado junto ao Centro Comercial Bulevar Plaza, a poucos metros da loja de departamentos El Corte Inglés.

Cada quarto do Estudiotel Alicante dispõe de banheiro privativo, mesa de trabalho e TV de tela plana com canais via satélite. O aquecimento central e o ar condicionado são fornecidos sazonalmente. Algumas acomodações possuem varanda privativa.

O Estudiotel Alicante fica a 600 metros da Praia de Postiguet, enquanto o Castelo de Santa Bárbara está a 15 minutos a pé. Trens, bondes e ônibus para o aeroporto param a 5 minutos de caminhada do hotel."
https://www.booking.com/hotel/es/castillaalicante.html?label=gen173nr-10CAEoggI46AdIMVgEaEaIAQGYATO4AQfIAQzYAQPoAQH4AQGIAgGoAgG4AoOluMsGwAIB0gIkNmNhY2FhZjctYjEyNi00ZTViLWJmZTMtNzEwZDczMDJlNDky2AIB4AIB&aid=304142&ucfs=1&arphpl=1&checkin=2026-02-27&checkout=2026-03-06&dest_id=-370210&dest_type=city&group_adults=2&req_adults=2&no_rooms=1&group_children=0&req_children=0&hpos=3&hapos=3&sr_order=popularity&nflt=ht_id%3D204&srpvid=24364f4c77730267&srepoch=1768821402&all_sr_blocks=9041020_425188474_0_42_0&highlighted_blocks=9041020_425188474_0_42_0&matching_block_id=9041020_425188474_0_42_0&sr_pri_blocks=9041020_425188474_0_42_0__45808&from=searchresults,Hotel Castilla Alicante,458.0,2026-02-27,Alicante,"O Castilla Alicante fica a apenas 200 metros da Praia de San Juan, em Alicante, e possui uma piscina ao ar livre. Os quartos climatizados incluem TV de tela plana via satélite, Wi-Fi gratuito e terraços privativos.

O restaurante Castilla serve comida caseira e há um café com terraço de verão. Existem diversos restaurantes e bares nas imediações.

O Castilla Alicante fica a 1,5 km do ARENA Sports Club, onde os hóspedes podem usufruir das instalações de spa mediante um custo adicional. O hotel também fica a 1,2 km do Alicante Golf Club, que oferece descontos aos seus hóspedes.

O hotel fica a 70 metros da paragem do elétrico para Alicante, que fica a 8 km de distância. Você pode alugar um carro no balcão de turismo do hotel, e há boas conexões de Alicante para Benidorm."
https://www.booking.com/hotel/es/portalicanteplayadesanjuan.html?label=gen173nr-10CAEoggI46AdIMVgEaEaIAQGYATO4AQfIAQzYAQPoAQH4AQGIAgGoAgG4AoOluMsGwAIB0gIkNmNhY2FhZjctYjEyNi00ZTViLWJmZTMtNzEwZDczMDJlNDky2AIB4AIB&aid=304142&ucfs=1&arphpl=1&checkin=2026-02-27&checkout=2026-03-06&dest_id=-370210&dest_type=city&group_adults=2&req_adults=2&no_rooms=1&group_children=0&req_children=0&hpos=4&hapos=4&sr_order=popularity&nflt=ht_id%3D204&srpvid=24364f4c77730267&srepoch=1768821402&all_sr_blocks=9330609_229967018_0_42_0&highlighted_blocks=9330609_229967018_0_42_0&matching_block_id=9330609_229967018_0_42_0&sr_pri_blocks=9330609_229967018_0_42_0__84921&from=searchresults,Port Alicante City & Beach,849.0,2026-02-27,Alicante,
https://www.booking.com/hotel/es/eurostarscentrumalicante.html?label=gen173nr-10CAEoggI46AdIMVgEaEaIAQGYATO4AQfIAQzYAQPoAQH4AQGIAgGoAgG4AoOluMsGwAIB0gIkNmNhY2FhZjctYjEyNi00ZTViLWJmZTMtNzEwZDczMDJlNDky2AIB4AIB&aid=304142&ucfs=1&arphpl=1&checkin=2026-02-27&checkout=2026-03-06&dest_id=-370210&dest_type=city&group_adults=2&req_adults=2&no_rooms=1&group_children=0&req_children=0&hpos=5&hapos=5&sr_order=popularity&nflt=ht_id%3D204&srpvid=24364f4c77730267&srepoch=1768821402&all_sr_blocks=9050002_88181811_2_34_0_160275&highlighted_blocks=9050002_88181811_2_34_0_160275&matching_block_id=9050002_88181811_2_34_0_160275&sr_pri_blocks=9050002_88181811_2_34_0_160275_62948&from_sustainable_property_sr=1&from=searchresults,Eurostars Centrum Alicante,629.0,2026-02-27,Alicante,
https://www.booking.com/hotel/es/casa-alberola-suites.html?label=gen173nr-10CAEoggI46AdIMVgEaEaIAQGYATO4AQfIAQzYAQPoAQH4AQGIAgGoAgG4AoOluMsGwAIB0gIkNmNhY2FhZjctYjEyNi00ZTViLWJmZTMtNzEwZDczMDJlNDky2AIB4AIB&aid=304142&ucfs=1&arphpl=1&checkin=2026-02-27&checkout=2026-03-06&dest_id=-370210&dest_type=city&group_adults=2&req_adults=2&no_rooms=1&group_children=0&req_children=0&hpos=6&hapos=6&sr_order=popularity&nflt=ht_id%3D204&srpvid=24364f4c77730267&srepoch=1768821402&all_sr_blocks=1023551101_375406047_2_0_0&highlighted_blocks=1023551101_375406047_2_0_0&matching_block_id=1023551101_375406047_2_0_0&sr_pri_blocks=1023551101_375406047_2_0_0__102255&from=searchresults,Casa Alberola Apartments,1023.0,2026-02-27,Alicante,
https://www.booking.com/hotel/es/eurostarsmediterraneaplaza.html?label=gen173nr-10CAEoggI46AdIMVgEaEaIAQGYATO4AQfIAQzYAQPoAQH4AQGIAgGoAgG4AoOluMsGwAIB0gIkNmNhY2FhZjctYjEyNi00ZTViLWJmZTMtNzEwZDczMDJlNDky2AIB4AIB&aid=304142&ucfs=1&arphpl=1&checkin=2026-02-27&checkout=2026-03-06&dest_id=-370210&dest_type=city&group_adults=2&req_adults=2&no_rooms=1&group_children=0&req_children=0&hpos=7&hapos=7&sr_order=popularity&nflt=ht_id%3D204&srpvid=24364f4c77730267&srepoch=1768821402&all_sr_blocks=9029801_93708792_2_2_0_160276&highlighted_blocks=9029801_93708792_2_2_0_160276&matching_block_id=9029801_93708792_2_2_0_160276&sr_pri_blocks=9029801_93708792_2_2_0_160276_78664&from_sustainable_property_sr=1&from=searchresults,Eurostars Mediterranea Plaza,787.0,2026-02-27,Alicante,
https://www.booking.com/hotel/es/maritimo-alicante.html?label=gen173nr-10CAEoggI46AdIMVgEaEaIAQGYATO4AQfIAQzYAQPoAQH4AQGIAgGoAgG4AoOluMsGwAIB0gIkNmNhY2FhZjctYjEyNi00ZTViLWJmZTMtNzEwZDczMDJlNDky2AIB4AIB&aid=304142&ucfs=1&arphpl=1&checkin=2026-02-27&checkout=2026-03-06&dest_id=-370210&dest_type=city&group_adults=2&req_adults=2&no_rooms=1&group_children=0&req_children=0&hpos=8&hapos=8&sr_order=popularity&nflt=ht_id%3D204&srpvid=24364f4c77730267&srepoch=1768821402&all_sr_blocks=23627001_336427007_0_2_0&highlighted_blocks=23627001_336427007_0_2_0&matching_block_id=23627001_336427007_0_2_0&sr_pri_blocks=23627001_336427007_0_2_0__45390&from=searchresults,Hotel Marítimo Urban,454.0,2026-02-27,Alicante,
https://www.booking.com/hotel/es/eurostars-lucentum.html?label=gen173nr-10CAEoggI46AdIMVgEaEaIAQGYATO4AQfIAQzYAQPoAQH4AQGIAgGoAgG4AoOluMsGwAIB0gIkNmNhY2FhZjctYjEyNi00ZTViLWJmZTMtNzEwZDczMDJlNDky2AIB4AIB&aid=304142&ucfs=1&arphpl=1&checkin=2026-02-27&checkout=2026-03-06&dest_id=-370210&dest_type=city&group_adults=2&req_adults=2&no_rooms=1&group_children=0&req_children=0&hpos=9&hapos=9&sr_order=popularity&nflt=ht_id%3D204&srpvid=24364f4c77730267&srepoch=1768821402&all_sr_blocks=9267701_91463119_2_34_0&highlighted_blocks=9267701_91463119_2_34_0&matching_block_id=9267701_91463119_2_34_0&sr_pri_blocks=9267701_91463119_2_34_0__68325&from_sustainable_property_sr=1&from=searchresults,Eurostars Lucentum,683.0,2026-02-27,Alicante,
https://www.booking.com/hotel/es/eurostars-portico-alicante.html?label=gen173nr-10CAEoggI46AdIMVgEaEaIAQGYATO4AQfIAQzYAQPoAQH4AQGIAgGoAgG4AoOluMsGwAIB0gIkNmNhY2FhZjctYjEyNi00ZTViLWJmZTMtNzEwZDczMDJlNDky2AIB4AIB&aid=304142&ucfs=1&arphpl=1&checkin=2026-02-27&checkout=2026-03-06&dest_id=-370210&dest_type=city&group_adults=2&req_adults=2&no_rooms=1&group_children=0&req_children=0&hpos=10&hapos=10&sr_order=popularity&nflt=ht_id%3D204&srpvid=24364f4c77730267&srepoch=1768821402&all_sr_blocks=812932505_343617633_2_2_0&highlighted_blocks=812932505_343617633_2_2_0&matching_block_id=812932505_343617633_2_2_0&sr_pri_blocks=812932505_343617633_2_2_0__98186&from=searchresults,Eurostars Pórtico Alicante,982.0,2026-02-27,Alicante,
https://www.booking.com/hotel/es/apartamentos-de-la-huerta.html?label=gen173nr-10CAEoggI46AdIMVgEaEaIAQGYATO4AQfIAQzYAQPoAQH4AQGIAgGoAgG4AoOluMsGwAIB0gIkNmNhY2FhZjctYjEyNi00ZTViLWJmZTMtNzEwZDczMDJlNDky2AIB4AIB&aid=304142&ucfs=1&arphpl=1&checkin=2026-02-27&checkout=2026-03-06&dest_id=-370210&dest_type=city&group_adults=2&req_adults=2&no_rooms=1&group_children=0&req_children=0&hpos=11&hapos=11&sr_order=popularity&nflt=ht_id%3D204&srpvid=24364f4c77730267&srepoch=1768821402&all_sr_blocks=495435901_339046985_2_0_0&highlighted_blocks=495435901_339046985_2_0_0&matching_block_id=495435901_339046985_2_0_0&sr_pri_blocks=495435901_339046985_2_0_0__79000&from=searchresults,Apartamentos de la Huerta,790.0,2026-02-27,Alicante,
https://www.booking.com/hotel/es/koala-hostel-mercado.html?label=gen173nr-10CAEoggI46AdIMVgEaEaIAQGYATO4AQfIAQzYAQPoAQH4AQGIAgGoAgG4AoOluMsGwAIB0gIkNmNhY2FhZjctYjEyNi00ZTViLWJmZTMtNzEwZDczMDJlNDky2AIB4AIB&aid=304142&ucfs=1&arphpl=1&checkin=2026-02-27&checkout=2026-03-06&dest_id=-370210&dest_type=city&group_adults=2&req_adults=2&no_rooms=1&group_children=0&req_children=0&hpos=12&hapos=12&sr_order=popularity&nflt=ht_id%3D204&srpvid=24364f4c77730267&srepoch=1768821402&all_sr_blocks=1163063503_388971195_0_0_0&highlighted_blocks=1163063503_388971195_0_0_0&matching_block_id=1163063503_388971195_0_0_0&sr_pri_blocks=1163063503_388971195_0_0_0__36000&from=searchresults,Koala Hostel Mercado,360.0,2026-02-27,Alicante,
https://www.booking.com/hotel/es/bypillow-pasep.html?label=gen173nr-10CAEoggI46AdIMVgEaEaIAQGYATO4AQfIAQzYAQPoAQH4AQGIAgGoAgG4AoOluMsGwAIB0gIkNmNhY2FhZjctYjEyNi00ZTViLWJmZTMtNzEwZDczMDJlNDky2AIB4AIB&aid=304142&ucfs=1&arphpl=1&checkin=2026-02-27&checkout=2026-03-06&dest_id=-370210&dest_type=city&group_adults=2&req_adults=2&no_rooms=1&group_children=0&req_children=0&hpos=13&hapos=13&sr_order=popularity&nflt=ht_id%3D204&srpvid=24364f4c77730267&srepoch=1768821402&all_sr_blocks=1138452602_386560248_2_2_0&highlighted_blocks=1138452602_386560248_2_2_0&matching_block_id=1138452602_386560248_2_2_0&sr_pri_blocks=1138452602_386560248_2_2_0__51237&from=searchresults,BYPILLOW Paseo,512.0,2026-02-27,Alicante,
https://www.booking.com/hotel/es/soho-boho-apartments.html?label=gen173nr-10CAEoggI46AdIMVgEaEaIAQGYATO4AQfIAQzYAQPoAQH4AQGIAgGoAgG4AoOluMsGwAIB0gIkNmNhY2FhZjctYjEyNi00ZTViLWJmZTMtNzEwZDczMDJlNDky2AIB4AIB&aid=304142&ucfs=1&arphpl=1&checkin=2026-02-27&checkout=2026-03-06&dest_id=-370210&dest_type=city&group_adults=2&req_adults=2&no_rooms=1&group_children=0&req_children=0&hpos=14&hapos=14&sr_order=popularity&nflt=ht_id%3D204&srpvid=24364f4c77730267&srepoch=1768821402&all_sr_blocks=830231407_348100798_2_0_0&highlighted_blocks=830231407_348100798_2_0_0&matching_block_id=830231407_348100798_2_0_0&sr_pri_blocks=830231407_348100798_2_0_0__69100&from=searchresults,Soho Boho Apartments - with sunny rooftop terrace and fiber optic internet,691.0,2026-02-27,Alicante,
https://www.booking.com/hotel/es/la-city-mercado.html?label=gen173nr-10CAEoggI46AdIMVgEaEaIAQGYATO4AQfIAQzYAQPoAQH4AQGIAgGoAgG4AoOluMsGwAIB0gIkNmNhY2FhZjctYjEyNi00ZTViLWJmZTMtNzEwZDczMDJlNDky2AIB4AIB&aid=304142&ucfs=1&arphpl=1&checkin=2026-02-27&checkout=2026-03-06&dest_id=-370210&dest_type=city&group_adults=2&req_adults=2&no_rooms=1&group_children=0&req_children=0&hpos=15&hapos=15&sr_order=popularity&nflt=ht_id%3D204&srpvid=24364f4c77730267&srepoch=1768821402&all_sr_blocks=195125102_329163368_2_2_0&highlighted_blocks=195125102_329163368_2_2_0&matching_block_id=195125102_329163368_2_2_0&sr_pri_blocks=195125102_329163368_2_2_0__63400&from=searchresults,La City Mercado,634.0,2026-02-27,Alicante,
https://www.booking.com/hotel/es/serawa-alicante-alicante.html?label=gen173nr-10CAEoggI46AdIMVgEaEaIAQGYATO4AQfIAQzYAQPoAQH4AQGIAgGoAgG4AoOluMsGwAIB0gIkNmNhY2FhZjctYjEyNi00ZTViLWJmZTMtNzEwZDczMDJlNDky2AIB4AIB&aid=304142&ucfs=1&arphpl=1&checkin=2026-02-27&checkout=2026-03-06&dest_id=-370210&dest_type=city&group_adults=2&req_adults=2&no_rooms=1&group_children=0&req_children=0&hpos=16&hapos=16&sr_order=popularity&nflt=ht_id%3D204&srpvid=24364f4c77730267&srepoch=1768821402&all_sr_blocks=576286301_401934364_2_33_0&highlighted_blocks=576286301_401934364_2_33_0&matching_block_id=576286301_401934364_2_33_0&sr_pri_blocks=576286301_401934364_2_33_0__124300&from=searchresults,Hotel Serawa Alicante,1243.0,2026-02-27,Alicante,
https://www.booking.com/hotel/es/mush-rooms.html?label=gen173nr-10CAEoggI46AdIMVgEaEaIAQGYATO4AQfIAQzYAQPoAQH4AQGIAgGoAgG4AoOluMsGwAIB0gIkNmNhY2FhZjctYjEyNi00ZTViLWJmZTMtNzEwZDczMDJlNDky2AIB4AIB&aid=304142&ucfs=1&arphpl=1&checkin=2026-02-27&checkout=2026-03-06&dest_id=-370210&dest_type=city&group_adults=2&req_adults=2&no_rooms=1&group_children=0&req_children=0&hpos=17&hapos=17&sr_order=popularity&nflt=ht_id%3D204&srpvid=24364f4c77730267&srepoch=1768821402&all_sr_blocks=676377404_398977504_6_0_0&highlighted_blocks=676377404_398977504_6_0_0&matching_block_id=676377404_398977504_6_0_0&sr_pri_blocks=676377404_398977504_6_0_0__65400&from=searchresults,Mush Rooms Apartments,654.0,2026-02-27,Alicante,
https://www.booking.com/hotel/es/el-patio-alacant1.html?label=gen173nr-10CAEoggI46AdIMVgEaEaIAQGYATO4AQfIAQzYAQPoAQH4AQGIAgGoAgG4AoOluMsGwAIB0gIkNmNhY2FhZjctYjEyNi00ZTViLWJmZTMtNzEwZDczMDJlNDky2AIB4AIB&aid=304142&ucfs=1&arphpl=1&checkin=2026-02-27&checkout=2026-03-06&dest_id=-370210&dest_type=city&group_adults=2&req_adults=2&no_rooms=1&group_children=0&req_children=0&hpos=18&hapos=18&sr_order=popularity&nflt=ht_id%3D204&srpvid=24364f4c77730267&srepoch=1768821402&all_sr_blocks=843134401_355402998_0_0_0&highlighted_blocks=843134401_355402998_0_0_0&matching_block_id=843134401_355402998_0_0_0&sr_pri_blocks=843134401_355402998_0_0_0__40700&from=searchresults,El Patio Hostal,407.0,2026-02-27,Alicante,
https://www.booking.com/hotel/es/apartamento-minimalista-centrico-y-con-check-in-autonomo.html?label=gen173nr-10CAEoggI46AdIMVgEaEaIAQGYATO4AQfIAQzYAQPoAQH4AQGIAgGoAgG4AoOluMsGwAIB0gIkNmNhY2FhZjctYjEyNi00ZTViLWJmZTMtNzEwZDczMDJlNDky2AIB4AIB&aid=304142&ucfs=1&arphpl=1&checkin=2026-02-27&checkout=2026-03-06&dest_id=-370210&dest_type=city&group_adults=2&req_adults=2&no_rooms=1&group_children=0&req_children=0&hpos=19&hapos=19&sr_order=popularity&nflt=ht_id%3D204&srpvid=24364f4c77730267&srepoch=1768821402&all_sr_blocks=1283860202_402709661_2_0_0_644339&highlighted_blocks=1283860202_402709661_2_0_0_644339&matching_block_id=1283860202_402709661_2_0_0_644339&sr_pri_blocks=1283860202_402709661_2_0_0_644339_73570&from=searchresults,Jome Stays Alicante centro,736.0,2026-02-27,Alicante,
https://www.booking.com/hotel/es/rs-boutique-apartments.html?label=gen173nr-10CAEoggI46AdIMVgEaEaIAQGYATO4AQfIAQzYAQPoAQH4AQGIAgGoAgG4AoOluMsGwAIB0gIkNmNhY2FhZjctYjEyNi00ZTViLWJmZTMtNzEwZDczMDJlNDky2AIB4AIB&aid=304142&ucfs=1&arphpl=1&checkin=2026-02-27&checkout=2026-03-06&dest_id=-370210&dest_type=city&group_adults=2&req_adults=2&no_rooms=1&group_children=0&req_children=0&hpos=20&hapos=20&sr_order=popularity&nflt=ht_id%3D204&srpvid=24364f4c77730267&srepoch=1768821402&all_sr_blocks=1154074001_402904964_2_2_0&highlighted_blocks=1154074001_402904964_2_2_0&matching_block_id=1154074001_402904964_2_2_0&sr_pri_blocks=1154074001_402904964_2_2_0__101360&from=searchresults,RS Boutique Apartments,1014.0,2026-02-27,Alicante,
https://www.booking.com/hotel/es/hostal-la-lonja.html?label=gen173nr-10CAEoggI46AdIMVgEaEaIAQGYATO4AQfIAQzYAQPoAQH4AQGIAgGoAgG4AoOluMsGwAIB0gIkNmNhY2FhZjctYjEyNi00ZTViLWJmZTMtNzEwZDczMDJlNDky2AIB4AIB&aid=304142&ucfs=1&arphpl=1&checkin=2026-02-27&checkout=2026-03-06&dest_id=-370210&dest_type=city&group_adults=2&req_adults=2&no_rooms=1&group_children=0&req_children=0&hpos=21&hapos=21&sr_order=popularity&nflt=ht_id%3D204&srpvid=24364f4c77730267&srepoch=1768821402&all_sr_blocks=23634117_88204076_2_2_0&highlighted_blocks=23634117_88204076_2_2_0&matching_block_id=23634117_88204076_2_2_0&sr_pri_blocks=23634117_88204076_2_2_0__52296&from=searchresults,La Lonja,523.0,2026-02-27,Alicante,
https://www.booking.com/hotel/es/nhalicante.html?label=gen173nr-10CAEoggI46AdIMVgEaEaIAQGYATO4AQfIAQzYAQPoAQH4AQGIAgGoAgG4AoOluMsGwAIB0gIkNmNhY2FhZjctYjEyNi00ZTViLWJmZTMtNzEwZDczMDJlNDky2AIB4AIB&aid=304142&ucfs=1&arphpl=1&checkin=2026-02-27&checkout=2026-03-06&dest_id=-370210&dest_type=city&group_adults=2&req_adults=2&no_rooms=1&group_children=0&req_children=0&hpos=22&hapos=22&sr_order=popularity&nflt=ht_id%3D204&srpvid=24364f4c77730267&srepoch=1768821402&all_sr_blocks=9187002_93709484_0_2_0&highlighted_blocks=9187002_93709484_0_2_0&matching_block_id=9187002_93709484_0_2_0&sr_pri_blocks=9187002_93709484_0_2_0__79101&from=searchresults,NH Alicante,791.0,2026-02-27,Alicante,
https://www.booking.com/hotel/es/rambla-alicante.html?label=gen173nr-10CAEoggI46AdIMVgEaEaIAQGYATO4AQfIAQzYAQPoAQH4AQGIAgGoAgG4AoOluMsGwAIB0gIkNmNhY2FhZjctYjEyNi00ZTViLWJmZTMtNzEwZDczMDJlNDky2AIB4AIB&aid=304142&ucfs=1&arphpl=1&checkin=2026-02-27&checkout=2026-03-06&dest_id=-370210&dest_type=city&group_adults=2&req_adults=2&no_rooms=1&group_children=0&req_children=0&hpos=23&hapos=23&sr_order=popularity&nflt=ht_id%3D204&srpvid=24364f4c77730267&srepoch=1768821402&all_sr_blocks=1355022_95137731_2_0_0&highlighted_blocks=1355022_95137731_2_0_0&matching_block_id=1355022_95137731_2_0_0&sr_pri_blocks=1355022_95137731_2_0_0__60067&from=searchresults,Rambla Alicante,601.0,2026-02-27,Alicante,
https://www.booking.com/hotel/es/umihouse.html?label=gen173nr-10CAEoggI46AdIMVgEaEaIAQGYATO4AQfIAQzYAQPoAQH4AQGIAgGoAgG4AoOluMsGwAIB0gIkNmNhY2FhZjctYjEyNi00ZTViLWJmZTMtNzEwZDczMDJlNDky2AIB4AIB&aid=304142&ucfs=1&arphpl=1&checkin=2026-02-27&checkout=2026-03-06&dest_id=-370210&dest_type=city&group_adults=2&req_adults=2&no_rooms=1&group_children=0&req_children=0&hpos=24&hapos=24&sr_order=popularity&nflt=ht_id%3D204&srpvid=24364f4c77730267&srepoch=1768821402&all_sr_blocks=595113022_233509313_0_0_0&highlighted_blocks=595113022_233509313_0_0_0&matching_block_id=595113022_233509313_0_0_0&sr_pri_blocks=595113022_233509313_0_0_0__70800&from=searchresults,Umihouse apartamentos centro Alicante,708.0,2026-02-27,Alicante,
https://www.booking.com/hotel/es/cervantes-alicante.html?label=gen173nr-10CAEoggI46AdIMVgEaEaIAQGYATO4AQfIAQzYAQPoAQH4AQGIAgGoAgG4AoOluMsGwAIB0gIkNmNhY2FhZjctYjEyNi00ZTViLWJmZTMtNzEwZDczMDJlNDky2AIB4AIB&aid=304142&ucfs=1&arphpl=1&checkin=2026-02-27&checkout=2026-03-06&dest_id=-370210&dest_type=city&group_adults=2&req_adults=2&no_rooms=1&group_children=0&req_children=0&hpos=25&hapos=25&sr_order=popularity&nflt=ht_id%3D204&srpvid=24364f4c77730267&srepoch=1768821402&all_sr_blocks=1350709_365073949_0_1_0&highlighted_blocks=1350709_365073949_0_1_0&matching_block_id=1350709_365073949_0_1_0&sr_pri_blocks=1350709_365073949_0_1_0__73000&from=searchresults,Hotel Cervantes,730.0,2026-02-27,Alicante,
https://www.booking.com/hotel/es/albahia.html?label=gen173nr-10CAEoggI46AdIMVgEaEaIAQGYATO4AQfIAQzYAQPoAQH4AQGIAgGoAgG4AoOluMsGwAIB0gIkNmNhY2FhZjctYjEyNi00ZTViLWJmZTMtNzEwZDczMDJlNDky2AIB4AIB&aid=304142&ucfs=1&arphpl=1&checkin=2026-02-27&checkout=2026-03-06&dest_id=-370210&dest_type=city&group_adults=2&req_adults=2&no_rooms=1&group_children=0&req_children=0&hpos=1&hapos=1&sr_order=popularity&nflt=ht_id%3D204&srpvid=24364f4c77730267&srepoch=1768821439&all_sr_blocks=9071713_88182224_2_42_0&highlighted_blocks=9071713_88182224_2_42_0&matching_block_id=9071713_88182224_2_42_0&sr_pri_blocks=9071713_88182224_2_42_0__35040&from=searchresults,Hotel Albahia Alicante,350.0,2026-02-27,Alicante,
https://www.booking.com/hotel/es/estudiotel-alicante.html?label=gen173nr-10CAEoggI46AdIMVgEaEaIAQGYATO4AQfIAQzYAQPoAQH4AQGIAgGoAgG4AoOluMsGwAIB0gIkNmNhY2FhZjctYjEyNi00ZTViLWJmZTMtNzEwZDczMDJlNDky2AIB4AIB&aid=304142&ucfs=1&arphpl=1&checkin=2026-02-27&checkout=2026-03-06&dest_id=-370210&dest_type=city&group_adults=2&req_adults=2&no_rooms=1&group_children=0&req_children=0&hpos=2&hapos=2&sr_order=popularity&nflt=ht_id%3D204&srpvid=24364f4c77730267&srepoch=1768821439&all_sr_blocks=1304501_95136853_0_2_0&highlighted_blocks=1304501_95136853_0_2_0&matching_block_id=1304501_95136853_0_2_0&sr_pri_blocks=1304501_95136853_0_2_0__44337&from=searchresults,Estudiotel Alicante,443.0,2026-02-27,Alicante,
https://www.booking.com/hotel/es/castillaalicante.html?label=gen173nr-10CAEoggI46AdIMVgEaEaIAQGYATO4AQfIAQzYAQPoAQH4AQGIAgGoAgG4AoOluMsGwAIB0gIkNmNhY2FhZjctYjEyNi00ZTViLWJmZTMtNzEwZDczMDJlNDky2AIB4AIB&aid=304142&ucfs=1&arphpl=1&checkin=2026-02-27&checkout=2026-03-06&dest_id=-370210&dest_type=city&group_adults=2&req_adults=2&no_rooms=1&group_children=0&req_children=0&hpos=3&hapos=3&sr_order=popularity&nflt=ht_id%3D204&srpvid=24364f4c77730267&srepoch=1768821439&all_sr_blocks=9041020_425188474_0_42_0&highlighted_blocks=9041020_425188474_0_42_0&matching_block_id=9041020_425188474_0_42_0&sr_pri_blocks=9041020_425188474_0_42_0__45808&from=searchresults,Hotel Castilla Alicante,458.0,2026-02-27,Alicante,
https://www.booking.com/hotel/es/portalicanteplayadesanjuan.html?label=gen173nr-10CAEoggI46AdIMVgEaEaIAQGYATO4AQfIAQzYAQPoAQH4AQGIAgGoAgG4AoOluMsGwAIB0gIkNmNhY2FhZjctYjEyNi00ZTViLWJmZTMtNzEwZDczMDJlNDky2AIB4AIB&aid=304142&ucfs=1&arphpl=1&checkin=2026-02-27&checkout=2026-03-06&dest_id=-370210&dest_type=city&group_adults=2&req_adults=2&no_rooms=1&group_children=0&req_children=0&hpos=4&hapos=4&sr_order=popularity&nflt=ht_id%3D204&srpvid=24364f4c77730267&srepoch=1768821439&all_sr_blocks=9330609_229967018_0_42_0&highlighted_blocks=9330609_229967018_0_42_0&matching_block_id=9330609_229967018_0_42_0&sr_pri_blocks=9330609_229967018_0_42_0__84921&from=searchresults,Port Alicante City & Beach,849.0,2026-02-27,Alicante,
https://www.booking.com/hotel/es/eurostarscentrumalicante.html?label=gen173nr-10CAEoggI46AdIMVgEaEaIAQGYATO4AQfIAQzYAQPoAQH4AQGIAgGoAgG4AoOluMsGwAIB0gIkNmNhY2FhZjctYjEyNi00ZTViLWJmZTMtNzEwZDczMDJlNDky2AIB4AIB&aid=304142&ucfs=1&arphpl=1&checkin=2026-02-27&checkout=2026-03-06&dest_id=-370210&dest_type=city&group_adults=2&req_adults=2&no_rooms=1&group_children=0&req_children=0&hpos=5&hapos=5&sr_order=popularity&nflt=ht_id%3D204&srpvid=24364f4c77730267&srepoch=1768821439&all_sr_blocks=9050002_88181811_2_34_0_160275&highlighted_blocks=9050002_88181811_2_34_0_160275&matching_block_id=9050002_88181811_2_34_0_160275&sr_pri_blocks=9050002_88181811_2_34_0_160275_62948&from_sustainable_property_sr=1&from=searchresults,Eurostars Centrum Alicante,629.0,2026-02-27,Alicante,
https://www.booking.com/hotel/es/casa-alberola-suites.html?label=gen173nr-10CAEoggI46AdIMVgEaEaIAQGYATO4AQfIAQzYAQPoAQH4AQGIAgGoAgG4AoOluMsGwAIB0gIkNmNhY2FhZjctYjEyNi00ZTViLWJmZTMtNzEwZDczMDJlNDky2AIB4AIB&aid=304142&ucfs=1&arphpl=1&checkin=2026-02-27&checkout=2026-03-06&dest_id=-370210&dest_type=city&group_adults=2&req_adults=2&no_rooms=1&group_children=0&req_children=0&hpos=6&hapos=6&sr_order=popularity&nflt=ht_id%3D204&srpvid=24364f4c77730267&srepoch=1768821439&all_sr_blocks=1023551101_375406047_2_0_0&highlighted_blocks=1023551101_375406047_2_0_0&matching_block_id=1023551101_375406047_2_0_0&sr_pri_blocks=1023551101_375406047_2_0_0__102255&from=searchresults,Casa Alberola Apartments,1023.0,2026-02-27,Alicante,
https://www.booking.com/hotel/es/eurostarsmediterraneaplaza.html?label=gen173nr-10CAEoggI46AdIMVgEaEaIAQGYATO4AQfIAQzYAQPoAQH4AQGIAgGoAgG4AoOluMsGwAIB0gIkNmNhY2FhZjctYjEyNi00ZTViLWJmZTMtNzEwZDczMDJlNDky2AIB4AIB&aid=304142&ucfs=1&arphpl=1&checkin=2026-02-27&checkout=2026-03-06&dest_id=-370210&dest_type=city&group_adults=2&req_adults=2&no_rooms=1&group_children=0&req_children=0&hpos=7&hapos=7&sr_order=popularity&nflt=ht_id%3D204&srpvid=24364f4c77730267&srepoch=1768821439&all_sr_blocks=9029801_93708792_2_2_0_160276&highlighted_blocks=9029801_93708792_2_2_0_160276&matching_block_id=9029801_93708792_2_2_0_160276&sr_pri_blocks=9029801_93708792_2_2_0_160276_78664&from_sustainable_property_sr=1&from=searchresults,Eurostars Mediterranea Plaza,787.0,2026-02-27,Alicante,
https://www.booking.com/hotel/es/maritimo-alicante.html?label=gen173nr-10CAEoggI46AdIMVgEaEaIAQGYATO4AQfIAQzYAQPoAQH4AQGIAgGoAgG4AoOluMsGwAIB0gIkNmNhY2FhZjctYjEyNi00ZTViLWJmZTMtNzEwZDczMDJlNDky2AIB4AIB&aid=304142&ucfs=1&arphpl=1&checkin=2026-02-27&checkout=2026-03-06&dest_id=-370210&dest_type=city&group_adults=2&req_adults=2&no_rooms=1&group_children=0&req_children=0&hpos=8&hapos=8&sr_order=popularity&nflt=ht_id%3D204&srpvid=24364f4c77730267&srepoch=1768821439&all_sr_blocks=23627001_336427007_0_2_0&highlighted_blocks=23627001_336427007_0_2_0&matching_block_id=23627001_336427007_0_2_0&sr_pri_blocks=23627001_336427007_0_2_0__45390&from=searchresults,Hotel Marítimo Urban,454.0,2026-02-27,Alicante,
https://www.booking.com/hotel/es/eurostars-lucentum.html?label=gen173nr-10CAEoggI46AdIMVgEaEaIAQGYATO4AQfIAQzYAQPoAQH4AQGIAgGoAgG4AoOluMsGwAIB0gIkNmNhY2FhZjctYjEyNi00ZTViLWJmZTMtNzEwZDczMDJlNDky2AIB4AIB&aid=304142&ucfs=1&arphpl=1&checkin=2026-02-27&checkout=2026-03-06&dest_id=-370210&dest_type=city&group_adults=2&req_adults=2&no_rooms=1&group_children=0&req_children=0&hpos=9&hapos=9&sr_order=popularity&nflt=ht_id%3D204&srpvid=24364f4c77730267&srepoch=1768821439&all_sr_blocks=9267701_91463119_2_34_0&highlighted_blocks=9267701_91463119_2_34_0&matching_block_id=9267701_91463119_2_34_0&sr_pri_blocks=9267701_91463119_2_34_0__68325&from_sustainable_property_sr=1&from=searchresults,Eurostars Lucentum,683.0,2026-02-27,Alicante,
https://www.booking.com/hotel/es/eurostars-portico-alicante.html?label=gen173nr-10CAEoggI46AdIMVgEaEaIAQGYATO4AQfIAQzYAQPoAQH4AQGIAgGoAgG4AoOluMsGwAIB0gIkNmNhY2FhZjctYjEyNi00ZTViLWJmZTMtNzEwZDczMDJlNDky2AIB4AIB&aid=304142&ucfs=1&arphpl=1&checkin=2026-02-27&checkout=2026-03-06&dest_id=-370210&dest_type=city&group_adults=2&req_adults=2&no_rooms=1&group_children=0&req_children=0&hpos=10&hapos=10&sr_order=popularity&nflt=ht_id%3D204&srpvid=24364f4c77730267&srepoch=1768821439&all_sr_blocks=812932505_343617633_2_2_0&highlighted_blocks=812932505_343617633_2_2_0&matching_block_id=812932505_343617633_2_2_0&sr_pri_blocks=812932505_343617633_2_2_0__98186&from=searchresults,Eurostars Pórtico Alicante,982.0,2026-02-27,Alicante,
https://www.booking.com/hotel/es/apartamentos-de-la-huerta.html?label=gen173nr-10CAEoggI46AdIMVgEaEaIAQGYATO4AQfIAQzYAQPoAQH4AQGIAgGoAgG4AoOluMsGwAIB0gIkNmNhY2FhZjctYjEyNi00ZTViLWJmZTMtNzEwZDczMDJlNDky2AIB4AIB&aid=304142&ucfs=1&arphpl=1&checkin=2026-02-27&checkout=2026-03-06&dest_id=-370210&dest_type=city&group_adults=2&req_adults=2&no_rooms=1&group_children=0&req_children=0&hpos=11&hapos=11&sr_order=popularity&nflt=ht_id%3D204&srpvid=24364f4c77730267&srepoch=1768821439&all_sr_blocks=495435901_339046985_2_0_0&highlighted_blocks=495435901_339046985_2_0_0&matching_block_id=495435901_339046985_2_0_0&sr_pri_blocks=495435901_339046985_2_0_0__79000&from=searchresults,Apartamentos de la Huerta,790.0,2026-02-27,Alicante,
https://www.booking.com/hotel/es/koala-hostel-mercado.html?label=gen173nr-10CAEoggI46AdIMVgEaEaIAQGYATO4AQfIAQzYAQPoAQH4AQGIAgGoAgG4AoOluMsGwAIB0gIkNmNhY2FhZjctYjEyNi00ZTViLWJmZTMtNzEwZDczMDJlNDky2AIB4AIB&aid=304142&ucfs=1&arphpl=1&checkin=2026-02-27&checkout=2026-03-06&dest_id=-370210&dest_type=city&group_adults=2&req_adults=2&no_rooms=1&group_children=0&req_children=0&hpos=12&hapos=12&sr_order=popularity&nflt=ht_id%3D204&srpvid=24364f4c77730267&srepoch=1768821439&all_sr_blocks=1163063503_388971195_0_0_0&highlighted_blocks=1163063503_388971195_0_0_0&matching_block_id=1163063503_388971195_0_0_0&sr_pri_blocks=1163063503_388971195_0_0_0__36000&from=searchresults,Koala Hostel Mercado,360.0,2026-02-27,Alicante,
https://www.booking.com/hotel/es/bypillow-pasep.html?label=gen173nr-10CAEoggI46AdIMVgEaEaIAQGYATO4AQfIAQzYAQPoAQH4AQGIAgGoAgG4AoOluMsGwAIB0gIkNmNhY2FhZjctYjEyNi00ZTViLWJmZTMtNzEwZDczMDJlNDky2AIB4AIB&aid=304142&ucfs=1&arphpl=1&checkin=2026-02-27&checkout=2026-03-06&dest_id=-370210&dest_type=city&group_adults=2&req_adults=2&no_rooms=1&group_children=0&req_children=0&hpos=13&hapos=13&sr_order=popularity&nflt=ht_id%3D204&srpvid=24364f4c77730267&srepoch=1768821439&all_sr_blocks=1138452602_386560248_2_2_0&highlighted_blocks=1138452602_386560248_2_2_0&matching_block_id=1138452602_386560248_2_2_0&sr_pri_blocks=1138452602_386560248_2_2_0__51237&from=searchresults,BYPILLOW Paseo,512.0,2026-02-27,Alicante,
https://www.booking.com/hotel/es/soho-boho-apartments.html?label=gen173nr-10CAEoggI46AdIMVgEaEaIAQGYATO4AQfIAQzYAQPoAQH4AQGIAgGoAgG4AoOluMsGwAIB0gIkNmNhY2FhZjctYjEyNi00ZTViLWJmZTMtNzEwZDczMDJlNDky2AIB4AIB&aid=304142&ucfs=1&arphpl=1&checkin=2026-02-27&checkout=2026-03-06&dest_id=-370210&dest_type=city&group_adults=2&req_adults=2&no_rooms=1&group_children=0&req_children=0&hpos=14&hapos=14&sr_order=popularity&nflt=ht_id%3D204&srpvid=24364f4c77730267&srepoch=1768821439&all_sr_blocks=830231407_348100798_2_0_0&highlighted_blocks=830231407_348100798_2_0_0&matching_block_id=830231407_348100798_2_0_0&sr_pri_blocks=830231407_348100798_2_0_0__69100&from=searchresults,Soho Boho Apartments - with sunny rooftop terrace and fiber optic internet,691.0,2026-02-27,Alicante,
https://www.booking.com/hotel/es/la-city-mercado.html?label=gen173nr-10CAEoggI46AdIMVgEaEaIAQGYATO4AQfIAQzYAQPoAQH4AQGIAgGoAgG4AoOluMsGwAIB0gIkNmNhY2FhZjctYjEyNi00ZTViLWJmZTMtNzEwZDczMDJlNDky2AIB4AIB&aid=304142&ucfs=1&arphpl=1&checkin=2026-02-27&checkout=2026-03-06&dest_id=-370210&dest_type=city&group_adults=2&req_adults=2&no_rooms=1&group_children=0&req_children=0&hpos=15&hapos=15&sr_order=popularity&nflt=ht_id%3D204&srpvid=24364f4c77730267&srepoch=1768821439&all_sr_blocks=195125102_329163368_2_2_0&highlighted_blocks=195125102_329163368_2_2_0&matching_block_id=195125102_329163368_2_2_0&sr_pri_blocks=195125102_329163368_2_2_0__63400&from=searchresults,La City Mercado,634.0,2026-02-27,Alicante,
https://www.booking.com/hotel/es/serawa-alicante-alicante.html?label=gen173nr-10CAEoggI46AdIMVgEaEaIAQGYATO4AQfIAQzYAQPoAQH4AQGIAgGoAgG4AoOluMsGwAIB0gIkNmNhY2FhZjctYjEyNi00ZTViLWJmZTMtNzEwZDczMDJlNDky2AIB4AIB&aid=304142&ucfs=1&arphpl=1&checkin=2026-02-27&checkout=2026-03-06&dest_id=-370210&dest_type=city&group_adults=2&req_adults=2&no_rooms=1&group_children=0&req_children=0&hpos=16&hapos=16&sr_order=popularity&nflt=ht_id%3D204&srpvid=24364f4c77730267&srepoch=1768821439&all_sr_blocks=576286301_401934364_2_33_0&highlighted_blocks=576286301_401934364_2_33_0&matching_block_id=576286301_401934364_2_33_0&sr_pri_blocks=576286301_401934364_2_33_0__124300&from=searchresults,Hotel Serawa Alicante,1243.0,2026-02-27,Alicante,
https://www.booking.com/hotel/es/mush-rooms.html?label=gen173nr-10CAEoggI46AdIMVgEaEaIAQGYATO4AQfIAQzYAQPoAQH4AQGIAgGoAgG4AoOluMsGwAIB0gIkNmNhY2FhZjctYjEyNi00ZTViLWJmZTMtNzEwZDczMDJlNDky2AIB4AIB&aid=304142&ucfs=1&arphpl=1&checkin=2026-02-27&checkout=2026-03-06&dest_id=-370210&dest_type=city&group_adults=2&req_adults=2&no_rooms=1&group_children=0&req_children=0&hpos=17&hapos=17&sr_order=popularity&nflt=ht_id%3D204&srpvid=24364f4c77730267&srepoch=1768821439&all_sr_blocks=676377404_398977504_6_0_0&highlighted_blocks=676377404_398977504_6_0_0&matching_block_id=676377404_398977504_6_0_0&sr_pri_blocks=676377404_398977504_6_0_0__65400&from=searchresults,Mush Rooms Apartments,654.0,2026-02-27,Alicante,
https://www.booking.com/hotel/es/el-patio-alacant1.html?label=gen173nr-10CAEoggI46AdIMVgEaEaIAQGYATO4AQfIAQzYAQPoAQH4AQGIAgGoAgG4AoOluMsGwAIB0gIkNmNhY2FhZjctYjEyNi00ZTViLWJmZTMtNzEwZDczMDJlNDky2AIB4AIB&aid=304142&ucfs=1&arphpl=1&checkin=2026-02-27&checkout=2026-03-06&dest_id=-370210&dest_type=city&group_adults=2&req_adults=2&no_rooms=1&group_children=0&req_children=0&hpos=18&hapos=18&sr_order=popularity&nflt=ht_id%3D204&srpvid=24364f4c77730267&srepoch=1768821439&all_sr_blocks=843134401_355402998_0_0_0&highlighted_blocks=843134401_355402998_0_0_0&matching_block_id=843134401_355402998_0_0_0&sr_pri_blocks=843134401_355402998_0_0_0__40700&from=searchresults,El Patio Hostal,407.0,2026-02-27,Alicante,
https://www.booking.com/hotel/es/apartamento-minimalista-centrico-y-con-check-in-autonomo.html?label=gen173nr-10CAEoggI46AdIMVgEaEaIAQGYATO4AQfIAQzYAQPoAQH4AQGIAgGoAgG4AoOluMsGwAIB0gIkNmNhY2FhZjctYjEyNi00ZTViLWJmZTMtNzEwZDczMDJlNDky2AIB4AIB&aid=304142&ucfs=1&arphpl=1&checkin=2026-02-27&checkout=2026-03-06&dest_id=-370210&dest_type=city&group_adults=2&req_adults=2&no_rooms=1&group_children=0&req_children=0&hpos=19&hapos=19&sr_order=popularity&nflt=ht_id%3D204&srpvid=24364f4c77730267&srepoch=1768821439&all_sr_blocks=1283860202_402709661_2_0_0_644339&highlighted_blocks=1283860202_402709661_2_0_0_644339&matching_block_id=1283860202_402709661_2_0_0_644339&sr_pri_blocks=1283860202_402709661_2_0_0_644339_73570&from=searchresults,Jome Stays Alicante centro,736.0,2026-02-27,Alicante,
https://www.booking.com/hotel/es/rs-boutique-apartments.html?label=gen173nr-10CAEoggI46AdIMVgEaEaIAQGYATO4AQfIAQzYAQPoAQH4AQGIAgGoAgG4AoOluMsGwAIB0gIkNmNhY2FhZjctYjEyNi00ZTViLWJmZTMtNzEwZDczMDJlNDky2AIB4AIB&aid=304142&ucfs=1&arphpl=1&checkin=2026-02-27&checkout=2026-03-06&dest_id=-370210&dest_type=city&group_adults=2&req_adults=2&no_rooms=1&group_children=0&req_children=0&hpos=20&hapos=20&sr_order=popularity&nflt=ht_id%3D204&srpvid=24364f4c77730267&srepoch=1768821439&all_sr_blocks=1154074001_402904964_2_2_0&highlighted_blocks=1154074001_402904964_2_2_0&matching_block_id=1154074001_402904964_2_2_0&sr_pri_blocks=1154074001_402904964_2_2_0__101360&from=searchresults,RS Boutique Apartments,1014.0,2026-02-27,Alicante,
https://www.booking.com/hotel/es/hostal-la-lonja.html?label=gen173nr-10CAEoggI46AdIMVgEaEaIAQGYATO4AQfIAQzYAQPoAQH4AQGIAgGoAgG4AoOluMsGwAIB0gIkNmNhY2FhZjctYjEyNi00ZTViLWJmZTMtNzEwZDczMDJlNDky2AIB4AIB&aid=304142&ucfs=1&arphpl=1&checkin=2026-02-27&checkout=2026-03-06&dest_id=-370210&dest_type=city&group_adults=2&req_adults=2&no_rooms=1&group_children=0&req_children=0&hpos=21&hapos=21&sr_order=popularity&nflt=ht_id%3D204&srpvid=24364f4c77730267&srepoch=1768821439&all_sr_blocks=23634117_88204076_2_2_0&highlighted_blocks=23634117_88204076_2_2_0&matching_block_id=23634117_88204076_2_2_0&sr_pri_blocks=23634117_88204076_2_2_0__52296&from=searchresults,La Lonja,523.0,2026-02-27,Alicante,
https://www.booking.com/hotel/es/nhalicante.html?label=gen173nr-10CAEoggI46AdIMVgEaEaIAQGYATO4AQfIAQzYAQPoAQH4AQGIAgGoAgG4AoOluMsGwAIB0gIkNmNhY2FhZjctYjEyNi00ZTViLWJmZTMtNzEwZDczMDJlNDky2AIB4AIB&aid=304142&ucfs=1&arphpl=1&checkin=2026-02-27&checkout=2026-03-06&dest_id=-370210&dest_type=city&group_adults=2&req_adults=2&no_rooms=1&group_children=0&req_children=0&hpos=22&hapos=22&sr_order=popularity&nflt=ht_id%3D204&srpvid=24364f4c77730267&srepoch=1768821439&all_sr_blocks=9187002_93709484_0_2_0&highlighted_blocks=9187002_93709484_0_2_0&matching_block_id=9187002_93709484_0_2_0&sr_pri_blocks=9187002_93709484_0_2_0__79101&from=searchresults,NH Alicante,791.0,2026-02-27,Alicante,
https://www.booking.com/hotel/es/rambla-alicante.html?label=gen173nr-10CAEoggI46AdIMVgEaEaIAQGYATO4AQfIAQzYAQPoAQH4AQGIAgGoAgG4AoOluMsGwAIB0gIkNmNhY2FhZjctYjEyNi00ZTViLWJmZTMtNzEwZDczMDJlNDky2AIB4AIB&aid=304142&ucfs=1&arphpl=1&checkin=2026-02-27&checkout=2026-03-06&dest_id=-370210&dest_type=city&group_adults=2&req_adults=2&no_rooms=1&group_children=0&req_children=0&hpos=23&hapos=23&sr_order=popularity&nflt=ht_id%3D204&srpvid=24364f4c77730267&srepoch=1768821439&all_sr_blocks=1355022_95137731_2_0_0&highlighted_blocks=1355022_95137731_2_0_0&matching_block_id=1355022_95137731_2_0_0&sr_pri_blocks=1355022_95137731_2_0_0__60067&from=searchresults,Rambla Alicante,601.0,2026-02-27,Alicante,
https://www.booking.com/hotel/es/umihouse.html?label=gen173nr-10CAEoggI46AdIMVgEaEaIAQGYATO4AQfIAQzYAQPoAQH4AQGIAgGoAgG4AoOluMsGwAIB0gIkNmNhY2FhZjctYjEyNi00ZTViLWJmZTMtNzEwZDczMDJlNDky2AIB4AIB&aid=304142&ucfs=1&arphpl=1&checkin=2026-02-27&checkout=2026-03-06&dest_id=-370210&dest_type=city&group_adults=2&req_adults=2&no_rooms=1&group_children=0&req_children=0&hpos=24&hapos=24&sr_order=popularity&nflt=ht_id%3D204&srpvid=24364f4c77730267&srepoch=1768821439&all_sr_blocks=595113022_233509313_0_0_0&highlighted_blocks=595113022_233509313_0_0_0&matching_block_id=595113022_233509313_0_0_0&sr_pri_blocks=595113022_233509313_0_0_0__70800&from=searchresults,Umihouse apartamentos centro Alicante,708.0,2026-02-27,Alicante,
https://www.booking.com/hotel/es/cervantes-alicante.html?label=gen173nr-10CAEoggI46AdIMVgEaEaIAQGYATO4AQfIAQzYAQPoAQH4AQGIAgGoAgG4AoOluMsGwAIB0gIkNmNhY2FhZjctYjEyNi00ZTViLWJmZTMtNzEwZDczMDJlNDky2AIB4AIB&aid=304142&ucfs=1&arphpl=1&checkin=2026-02-27&checkout=2026-03-06&dest_id=-370210&dest_type=city&group_adults=2&req_adults=2&no_rooms=1&group_children=0&req_children=0&hpos=25&hapos=25&sr_order=popularity&nflt=ht_id%3D204&srpvid=24364f4c77730267&srepoch=1768821439&all_sr_blocks=1350709_365073949_0_1_0&highlighted_blocks=1350709_365073949_0_1_0&matching_block_id=1350709_365073949_0_1_0&sr_pri_blocks=1350709_365073949_0_1_0__73000&from=searchresults,Hotel Cervantes,730.0,2026-02-27,Alicante,
https://www.booking.com/hotel/es/nhrambla-de-alicante.html?label=gen173nr-10CAEoggI46AdIMVgEaEaIAQGYATO4AQfIAQzYAQPoAQH4AQGIAgGoAgG4AoOluMsGwAIB0gIkNmNhY2FhZjctYjEyNi00ZTViLWJmZTMtNzEwZDczMDJlNDky2AIB4AIB&aid=304142&ucfs=1&arphpl=1&checkin=2026-02-27&checkout=2026-03-06&dest_id=-370210&dest_type=city&group_adults=2&req_adults=2&no_rooms=1&group_children=0&req_children=0&hpos=1&hapos=26&sr_order=popularity&nflt=ht_id%3D204&srpvid=24364f4c77730267&srepoch=1768821439&all_sr_blocks=9074020_248241831_2_2_0&highlighted_blocks=9074020_248241831_2_2_0&matching_block_id=9074020_248241831_2_2_0&sr_pri_blocks=9074020_248241831_2_2_0__76080&from=searchresults,Occidental Alicante,761.0,2026-02-27,Alicante,
https://www.booking.com/hotel/es/meliaalicante.html?label=gen173nr-10CAEoggI46AdIMVgEaEaIAQGYATO4AQfIAQzYAQPoAQH4AQGIAgGoAgG4AoOluMsGwAIB0gIkNmNhY2FhZjctYjEyNi00ZTViLWJmZTMtNzEwZDczMDJlNDky2AIB4AIB&aid=304142&ucfs=1&arphpl=1&checkin=2026-02-27&checkout=2026-03-06&dest_id=-370210&dest_type=city&group_adults=2&req_adults=2&no_rooms=1&group_children=0&req_children=0&hpos=2&hapos=27&sr_order=popularity&nflt=ht_id%3D204&srpvid=24364f4c77730267&srepoch=1768821439&all_sr_blocks=9179948_91989189_2_42_0&highlighted_blocks=9179948_91989189_2_42_0&matching_block_id=9179948_91989189_2_42_0&sr_pri_blocks=9179948_91989189_2_42_0__150000&from_sustainable_property_sr=1&from=searchresults,Melia Alicante,1500.0,2026-02-27,Alicante,
https://www.booking.com/hotel/es/oasis-plantio-golf.html?label=gen173nr-10CAEoggI46AdIMVgEaEaIAQGYATO4AQfIAQzYAQPoAQH4AQGIAgGoAgG4AoOluMsGwAIB0gIkNmNhY2FhZjctYjEyNi00ZTViLWJmZTMtNzEwZDczMDJlNDky2AIB4AIB&aid=304142&ucfs=1&arphpl=1&checkin=2026-02-27&checkout=2026-03-06&dest_id=-370210&dest_type=city&group_adults=2&req_adults=2&no_rooms=1&group_children=0&req_children=0&hpos=3&hapos=28&sr_order=popularity&nflt=ht_id%3D204&srpvid=24364f4c77730267&srepoch=1768821439&all_sr_blocks=18894652_88203302_2_33_0&highlighted_blocks=18894652_88203302_2_33_0&matching_block_id=18894652_88203302_2_33_0&sr_pri_blocks=18894652_88203302_2_33_0__83470&from=searchresults,El Plantío Golf Resort,835.0,2026-02-27,Alicante,
https://www.booking.com/hotel/es/innside-by-melia-alicante-porta-maris.html?label=gen173nr-10CAEoggI46AdIMVgEaEaIAQGYATO4AQfIAQzYAQPoAQH4AQGIAgGoAgG4AoOluMsGwAIB0gIkNmNhY2FhZjctYjEyNi00ZTViLWJmZTMtNzEwZDczMDJlNDky2AIB4AIB&aid=304142&ucfs=1&arphpl=1&checkin=2026-02-27&checkout=2026-03-06&dest_id=-370210&dest_type=city&group_adults=2&req_adults=2&no_rooms=1&group_children=0&req_children=0&hpos=4&hapos=29&sr_order=popularity&nflt=ht_id%3D204&srpvid=24364f4c77730267&srepoch=1768821439&all_sr_blocks=9712886_91463315_2_41_0&highlighted_blocks=9712886_91463315_2_41_0&matching_block_id=9712886_91463315_2_41_0&sr_pri_blocks=9712886_91463315_2_41_0__147148&from_sustainable_property_sr=1&from=searchresults,INNSiDE by Meliá Alicante Porta Maris,1471.0,2026-02-27,Alicante,
https://www.booking.com/hotel/es/thor-hostal-boutique.html?label=gen173nr-10CAEoggI46AdIMVgEaEaIAQGYATO4AQfIAQzYAQPoAQH4AQGIAgGoAgG4AoOluMsGwAIB0gIkNmNhY2FhZjctYjEyNi00ZTViLWJmZTMtNzEwZDczMDJlNDky2AIB4AIB&aid=304142&ucfs=1&arphpl=1&checkin=2026-02-27&checkout=2026-03-06&dest_id=-370210&dest_type=city&group_adults=2&req_adults=2&no_rooms=1&group_children=0&req_children=0&hpos=5&hapos=30&sr_order=popularity&nflt=ht_id%3D204&srpvid=24364f4c77730267&srepoch=1768821439&all_sr_blocks=1475094103_418930702_0_0_0&highlighted_blocks=1475094103_418930702_0_0_0&matching_block_id=1475094103_418930702_0_0_0&sr_pri_blocks=1475094103_418930702_0_0_0__40670&from=searchresults,Thor Hostal Boutique,407.0,2026-02-27,Alicante,
https://www.booking.com/hotel/es/boutique-alicante-alacant.html?label=gen173nr-10CAEoggI46AdIMVgEaEaIAQGYATO4AQfIAQzYAQPoAQH4AQGIAgGoAgG4AoOluMsGwAIB0gIkNmNhY2FhZjctYjEyNi00ZTViLWJmZTMtNzEwZDczMDJlNDky2AIB4AIB&aid=304142&ucfs=1&arphpl=1&checkin=2026-02-27&checkout=2026-03-06&dest_id=-370210&dest_type=city&group_adults=2&req_adults=2&no_rooms=1&group_children=0&req_children=0&hpos=6&hapos=31&sr_order=popularity&nflt=ht_id%3D204&srpvid=24364f4c77730267&srepoch=1768821439&all_sr_blocks=265949301_105618790_0_2_0&highlighted_blocks=265949301_105618790_0_2_0&matching_block_id=265949301_105618790_0_2_0&sr_pri_blocks=265949301_105618790_0_2_0__96871&from=searchresults,Hotel Boutique Alicante Palacete S.XVII Adults Only,969.0,2026-02-27,Alicante,
https://www.booking.com/hotel/es/curio-collection-by-hilton-alicante-spain.html?label=gen173nr-10CAEoggI46AdIMVgEaEaIAQGYATO4AQfIAQzYAQPoAQH4AQGIAgGoAgG4AoOluMsGwAIB0gIkNmNhY2FhZjctYjEyNi00ZTViLWJmZTMtNzEwZDczMDJlNDky2AIB4AIB&aid=304142&ucfs=1&arphpl=1&checkin=2026-02-27&checkout=2026-03-06&dest_id=-370210&dest_type=city&group_adults=2&req_adults=2&no_rooms=1&group_children=0&req_children=0&hpos=7&hapos=32&sr_order=popularity&nflt=ht_id%3D204&srpvid=24364f4c77730267&srepoch=1768821439&all_sr_blocks=549275401_199424161_2_34_0&highlighted_blocks=549275401_199424161_2_34_0&matching_block_id=549275401_199424161_2_34_0&sr_pri_blocks=549275401_199424161_2_34_0__109725&from=searchresults,"Casa Alberola Alicante, Adults only, Curio Collection By Hilton",1097.0,2026-02-27,Alicante,
https://www.booking.com/hotel/es/la-city.html?label=gen173nr-10CAEoggI46AdIMVgEaEaIAQGYATO4AQfIAQzYAQPoAQH4AQGIAgGoAgG4AoOluMsGwAIB0gIkNmNhY2FhZjctYjEyNi00ZTViLWJmZTMtNzEwZDczMDJlNDky2AIB4AIB&aid=304142&ucfs=1&arphpl=1&checkin=2026-02-27&checkout=2026-03-06&dest_id=-370210&dest_type=city&group_adults=2&req_adults=2&no_rooms=1&group_children=0&req_children=0&hpos=8&hapos=33&sr_order=popularity&nflt=ht_id%3D204&srpvid=24364f4c77730267&srepoch=1768821439&all_sr_blocks=1265161_218184394_3_2_0&highlighted_blocks=1265161_218184394_3_2_0&matching_block_id=1265161_218184394_3_2_0&sr_pri_blocks=1265161_218184394_3_2_0__72800&from=searchresults,La City Estación,728.0,2026-02-27,Alicante,
https://www.booking.com/hotel/es/hostel-la-milagrosa.html?label=gen173nr-10CAEoggI46AdIMVgEaEaIAQGYATO4AQfIAQzYAQPoAQH4AQGIAgGoAgG4AoOluMsGwAIB0gIkNmNhY2FhZjctYjEyNi00ZTViLWJmZTMtNzEwZDczMDJlNDky2AIB4AIB&aid=304142&ucfs=1&arphpl=1&checkin=2026-02-27&checkout=2026-03-06&dest_id=-370210&dest_type=city&group_adults=2&req_adults=2&no_rooms=1&group_children=0&req_children=0&hpos=9&hapos=34&sr_order=popularity&nflt=ht_id%3D204&srpvid=24364f4c77730267&srepoch=1768821439&all_sr_blocks=27280210_0_2_0_0&highlighted_blocks=27280210_0_2_0_0&matching_block_id=27280210_0_2_0_0&sr_pri_blocks=27280210_0_2_0_0__84819&from_sustainable_property_sr=1&from=searchresults,Hotel La Milagrosa,848.0,2026-02-27,Alicante,
https://www.booking.com/hotel/es/apartamentos-s30-reina-victoria-alacant12.html?label=gen173nr-10CAEoggI46AdIMVgEaEaIAQGYATO4AQfIAQzYAQPoAQH4AQGIAgGoAgG4AoOluMsGwAIB0gIkNmNhY2FhZjctYjEyNi00ZTViLWJmZTMtNzEwZDczMDJlNDky2AIB4AIB&aid=304142&ucfs=1&arphpl=1&checkin=2026-02-27&checkout=2026-03-06&dest_id=-370210&dest_type=city&group_adults=2&req_adults=2&no_rooms=1&group_children=0&req_children=0&hpos=10&hapos=35&sr_order=popularity&nflt=ht_id%3D204&srpvid=24364f4c77730267&srepoch=1768821439&all_sr_blocks=260079603_291270357_2_0_0&highlighted_blocks=260079603_291270357_2_0_0&matching_block_id=260079603_291270357_2_0_0&sr_pri_blocks=260079603_291270357_2_0_0__99600&from=searchresults,S30 Reina Victoria,996.0,2026-02-27,Alicante,
https://www.booking.com/hotel/es/krismaya.html?label=gen173nr-10CAEoggI46AdIMVgEaEaIAQGYATO4AQfIAQzYAQPoAQH4AQGIAgGoAgG4AoOluMsGwAIB0gIkNmNhY2FhZjctYjEyNi00ZTViLWJmZTMtNzEwZDczMDJlNDky2AIB4AIB&aid=304142&ucfs=1&arphpl=1&checkin=2026-02-27&checkout=2026-03-06&dest_id=-370210&dest_type=city&group_adults=2&req_adults=2&no_rooms=1&group_children=0&req_children=0&hpos=11&hapos=36&sr_order=popularity&nflt=ht_id%3D204&srpvid=24364f4c77730267&srepoch=1768821439&all_sr_blocks=9110450_425899566_3_42_0&highlighted_blocks=9110450_425899566_3_42_0&matching_block_id=9110450_425899566_3_42_0&sr_pri_blocks=9110450_425899566_3_42_0__78391&from=searchresults,Sercotel Maya Alicante,784.0,2026-02-27,Alicante,
https://www.booking.com/hotel/es/hotel-alicante-gran-sol-affiliated-by-melia.html?label=gen173nr-10CAEoggI46AdIMVgEaEaIAQGYATO4AQfIAQzYAQPoAQH4AQGIAgGoAgG4AoOluMsGwAIB0gIkNmNhY2FhZjctYjEyNi00ZTViLWJmZTMtNzEwZDczMDJlNDky2AIB4AIB&aid=304142&ucfs=1&arphpl=1&checkin=2026-02-27&checkout=2026-03-06&dest_id=-370210&dest_type=city&group_adults=2&req_adults=2&no_rooms=1&group_children=0&req_children=0&hpos=12&hapos=37&sr_order=popularity&nflt=ht_id%3D204&srpvid=24364f4c77730267&srepoch=1768821439&all_sr_blocks=9165013_91989086_2_41_0&highlighted_blocks=9165013_91989086_2_41_0&matching_block_id=9165013_91989086_2_41_0&sr_pri_blocks=9165013_91989086_2_41_0__112266&from_sustainable_property_sr=1&from=searchresults,"Hotel Alicante Gran Sol, affiliated by Meliá",1123.0,2026-02-27,Alicante,
https://www.booking.com/hotel/es/gravina-cinco.html?label=gen173nr-10CAEoggI46AdIMVgEaEaIAQGYATO4AQfIAQzYAQPoAQH4AQGIAgGoAgG4AoOluMsGwAIB0gIkNmNhY2FhZjctYjEyNi00ZTViLWJmZTMtNzEwZDczMDJlNDky2AIB4AIB&aid=304142&ucfs=1&arphpl=1&checkin=2026-02-27&checkout=2026-03-06&dest_id=-370210&dest_type=city&group_adults=2&req_adults=2&no_rooms=1&group_children=0&req_children=0&hpos=13&hapos=38&sr_order=popularity&nflt=ht_id%3D204&srpvid=24364f4c77730267&srepoch=1768821439&all_sr_blocks=1412101_348494244_0_2_0&highlighted_blocks=1412101_348494244_0_2_0&matching_block_id=1412101_348494244_0_2_0&sr_pri_blocks=1412101_348494244_0_2_0__93772&from_sustainable_property_sr=1&from=searchresults,Dormirdcine Alicante,938.0,2026-02-27,Alicante,
https://www.booking.com/hotel/es/san-remo-alicante.html?label=gen173nr-10CAEoggI46AdIMVgEaEaIAQGYATO4AQfIAQzYAQPoAQH4AQGIAgGoAgG4AoOluMsGwAIB0gIkNmNhY2FhZjctYjEyNi00ZTViLWJmZTMtNzEwZDczMDJlNDky2AIB4AIB&aid=304142&ucfs=1&arphpl=1&checkin=2026-02-27&checkout=2026-03-06&dest_id=-370210&dest_type=city&group_adults=2&req_adults=2&no_rooms=1&group_children=0&req_children=0&hpos=14&hapos=39&sr_order=popularity&nflt=ht_id%3D204&srpvid=24364f4c77730267&srepoch=1768821439&all_sr_blocks=18943307_360969366_2_0_0&highlighted_blocks=18943307_360969366_2_0_0&matching_block_id=18943307_360969366_2_0_0&sr_pri_blocks=18943307_360969366_2_0_0__63000&from=searchresults,San Remo,630.0,2026-02-27,Alicante,
https://www.booking.com/hotel/es/koala-hostel-estacion.html?label=gen173nr-10CAEoggI46AdIMVgEaEaIAQGYATO4AQfIAQzYAQPoAQH4AQGIAgGoAgG4AoOluMsGwAIB0gIkNmNhY2FhZjctYjEyNi00ZTViLWJmZTMtNzEwZDczMDJlNDky2AIB4AIB&aid=304142&ucfs=1&arphpl=1&checkin=2026-02-27&checkout=2026-03-06&dest_id=-370210&dest_type=city&group_adults=2&req_adults=2&no_rooms=1&group_children=0&req_children=0&hpos=15&hapos=40&sr_order=popularity&nflt=ht_id%3D204&srpvid=24364f4c77730267&srepoch=1768821439&all_sr_blocks=1470997602_418444066_2_0_0&highlighted_blocks=1470997602_418444066_2_0_0&matching_block_id=1470997602_418444066_2_0_0&sr_pri_blocks=1470997602_418444066_2_0_0__39300&from=searchresults,Koala Hostel Estación,393.0,2026-02-27,Alicante,
https://www.booking.com/hotel/es/odyssey-rooms-alicante.html?label=gen173nr-10CAEoggI46AdIMVgEaEaIAQGYATO4AQfIAQzYAQPoAQH4AQGIAgGoAgG4AoOluMsGwAIB0gIkNmNhY2FhZjctYjEyNi00ZTViLWJmZTMtNzEwZDczMDJlNDky2AIB4AIB&aid=304142&ucfs=1&arphpl=1&checkin=2026-02-27&checkout=2026-03-06&dest_id=-370210&dest_type=city&group_adults=2&req_adults=2&no_rooms=1&group_children=0&req_children=0&hpos=16&hapos=41&sr_order=popularity&nflt=ht_id%3D204&srpvid=24364f4c77730267&srepoch=1768821439&all_sr_blocks=812174610_346995263_2_2_0&highlighted_blocks=812174610_346995263_2_2_0&matching_block_id=812174610_346995263_2_2_0&sr_pri_blocks=812174610_346995263_2_2_0__89460&from=searchresults,Odyssey Rooms Alicante,895.0,2026-02-27,Alicante,
https://www.booking.com/hotel/es/husa-alicante-golf.html?label=gen173nr-10CAEoggI46AdIMVgEaEaIAQGYATO4AQfIAQzYAQPoAQH4AQGIAgGoAgG4AoOluMsGwAIB0gIkNmNhY2FhZjctYjEyNi00ZTViLWJmZTMtNzEwZDczMDJlNDky2AIB4AIB&aid=304142&ucfs=1&arphpl=1&checkin=2026-02-27&checkout=2026-03-06&dest_id=-370210&dest_type=city&group_adults=2&req_adults=2&no_rooms=1&group_children=0&req_children=0&hpos=17&hapos=42&sr_order=popularity&nflt=ht_id%3D204&srpvid=24364f4c77730267&srepoch=1768821439&all_sr_blocks=0_0_2_0_0&highlighted_blocks=0_0_2_0_0&matching_block_id=0_0_2_0_0&sr_pri_blocks=0_0_2_0_0__79163&from=searchresults,Hotel Alicante Golf,792.0,2026-02-27,Alicante,
https://www.booking.com/hotel/es/leuka.html?label=gen173nr-10CAEoggI46AdIMVgEaEaIAQGYATO4AQfIAQzYAQPoAQH4AQGIAgGoAgG4AoOluMsGwAIB0gIkNmNhY2FhZjctYjEyNi00ZTViLWJmZTMtNzEwZDczMDJlNDky2AIB4AIB&aid=304142&ucfs=1&arphpl=1&checkin=2026-02-27&checkout=2026-03-06&dest_id=-370210&dest_type=city&group_adults=2&req_adults=2&no_rooms=1&group_children=0&req_children=0&hpos=18&hapos=43&sr_order=popularity&nflt=ht_id%3D204&srpvid=24364f4c77730267&srepoch=1768821439&all_sr_blocks=0_0_2_0_0&highlighted_blocks=0_0_2_0_0&matching_block_id=0_0_2_0_0&sr_pri_blocks=0_0_2_0_0__45673&from=searchresults,Hotel Leuka,457.0,2026-02-27,Alicante,
https://www.booking.com/hotel/es/pension-leo.html?label=gen173nr-10CAEoggI46AdIMVgEaEaIAQGYATO4AQfIAQzYAQPoAQH4AQGIAgGoAgG4AoOluMsGwAIB0gIkNmNhY2FhZjctYjEyNi00ZTViLWJmZTMtNzEwZDczMDJlNDky2AIB4AIB&aid=304142&ucfs=1&arphpl=1&checkin=2026-02-27&checkout=2026-03-06&dest_id=-370210&dest_type=city&group_adults=2&req_adults=2&no_rooms=1&group_children=0&req_children=0&hpos=19&hapos=44&sr_order=popularity&nflt=ht_id%3D204&srpvid=24364f4c77730267&srepoch=1768821439&all_sr_blocks=916351803_373384867_2_0_0&highlighted_blocks=916351803_373384867_2_0_0&matching_block_id=916351803_373384867_2_0_0&sr_pri_blocks=916351803_373384867_2_0_0__38000&from=searchresults,Guest House Leo,380.0,2026-02-27,Alicante,
https://www.booking.com/hotel/es/boutique-palacio-centro.html?label=gen173nr-10CAEoggI46AdIMVgEaEaIAQGYATO4AQfIAQzYAQPoAQH4AQGIAgGoAgG4AoOluMsGwAIB0gIkNmNhY2FhZjctYjEyNi00ZTViLWJmZTMtNzEwZDczMDJlNDky2AIB4AIB&aid=304142&ucfs=1&arphpl=1&checkin=2026-02-27&checkout=2026-03-06&dest_id=-370210&dest_type=city&group_adults=2&req_adults=2&no_rooms=1&group_children=0&req_children=0&hpos=20&hapos=45&sr_order=popularity&nflt=ht_id%3D204&srpvid=24364f4c77730267&srepoch=1768821439&all_sr_blocks=1449792702_416355160_0_0_0&highlighted_blocks=1449792702_416355160_0_0_0&matching_block_id=1449792702_416355160_0_0_0&sr_pri_blocks=1449792702_416355160_0_0_0__72090&from=searchresults,Hotel Paseito,721.0,2026-02-27,Alicante,
https://www.booking.com/hotel/es/hello-alicante-apartamentos.html?label=gen173nr-10CAEoggI46AdIMVgEaEaIAQGYATO4AQfIAQzYAQPoAQH4AQGIAgGoAgG4AoOluMsGwAIB0gIkNmNhY2FhZjctYjEyNi00ZTViLWJmZTMtNzEwZDczMDJlNDky2AIB4AIB&aid=304142&ucfs=1&arphpl=1&checkin=2026-02-27&checkout=2026-03-06&dest_id=-370210&dest_type=city&group_adults=2&req_adults=2&no_rooms=1&group_children=0&req_children=0&hpos=21&hapos=46&sr_order=popularity&nflt=ht_id%3D204&srpvid=24364f4c77730267&srepoch=1768821439&all_sr_blocks=923530302_364080678_3_0_0&highlighted_blocks=923530302_364080678_3_0_0&matching_block_id=923530302_364080678_3_0_0&sr_pri_blocks=923530302_364080678_3_0_0__79200&from=searchresults,Hello Alicante Apartamentos,792.0,2026-02-27,Alicante,
https://www.booking.com/hotel/es/ac-alicante.html?label=gen173nr-10CAEoggI46AdIMVgEaEaIAQGYATO4AQfIAQzYAQPoAQH4AQGIAgGoAgG4AoOluMsGwAIB0gIkNmNhY2FhZjctYjEyNi00ZTViLWJmZTMtNzEwZDczMDJlNDky2AIB4AIB&aid=304142&ucfs=1&arphpl=1&checkin=2026-02-27&checkout=2026-03-06&dest_id=-370210&dest_type=city&group_adults=2&req_adults=2&no_rooms=1&group_children=0&req_children=0&hpos=22&hapos=47&sr_order=popularity&nflt=ht_id%3D204&srpvid=24364f4c77730267&srepoch=1768821439&all_sr_blocks=9238214_94304961_0_2_0&highlighted_blocks=9238214_94304961_0_2_0&matching_block_id=9238214_94304961_0_2_0&sr_pri_blocks=9238214_94304961_0_2_0__90585&from_sustainable_property_sr=1&from=searchresults,AC Hotel by Marriott Alicante,906.0,2026-02-27,Alicante,
https://www.booking.com/hotel/es/daniya-alicante.html?label=gen173nr-10CAEoggI46AdIMVgEaEaIAQGYATO4AQfIAQzYAQPoAQH4AQGIAgGoAgG4AoOluMsGwAIB0gIkNmNhY2FhZjctYjEyNi00ZTViLWJmZTMtNzEwZDczMDJlNDky2AIB4AIB&aid=304142&ucfs=1&arphpl=1&checkin=2026-02-27&checkout=2026-03-06&dest_id=-370210&dest_type=city&group_adults=2&req_adults=2&no_rooms=1&group_children=0&req_children=0&hpos=23&hapos=48&sr_order=popularity&nflt=ht_id%3D204&srpvid=24364f4c77730267&srepoch=1768821439&all_sr_blocks=9407805_0_2_0_0&highlighted_blocks=9407805_0_2_0_0&matching_block_id=9407805_0_2_0_0&sr_pri_blocks=9407805_0_2_0_0__46914&from=searchresults,Daniya Alicante,469.0,2026-02-27,Alicante,
https://www.booking.com/hotel/es/hostal-mendez-nunez-alicante.html?label=gen173nr-10CAEoggI46AdIMVgEaEaIAQGYATO4AQfIAQzYAQPoAQH4AQGIAgGoAgG4AoOluMsGwAIB0gIkNmNhY2FhZjctYjEyNi00ZTViLWJmZTMtNzEwZDczMDJlNDky2AIB4AIB&aid=304142&ucfs=1&arphpl=1&checkin=2026-02-27&checkout=2026-03-06&dest_id=-370210&dest_type=city&group_adults=2&req_adults=2&no_rooms=1&group_children=0&req_children=0&hpos=24&hapos=49&sr_order=popularity&nflt=ht_id%3D204&srpvid=24364f4c77730267&srepoch=1768821439&all_sr_blocks=54358411_270976419_2_0_0&highlighted_blocks=54358411_270976419_2_0_0&matching_block_id=54358411_270976419_2_0_0&sr_pri_blocks=54358411_270976419_2_0_0__69350&from=searchresults,Mendez Nuñez Alicante,694.0,2026-02-27,Alicante,
https://www.booking.com/hotel/es/albahia.html?label=gen173nr-10CAEoggI46AdIMVgEaEaIAQGYATO4AQfIAQzYAQPoAQH4AQGIAgGoAgG4AoOluMsGwAIB0gIkNmNhY2FhZjctYjEyNi00ZTViLWJmZTMtNzEwZDczMDJlNDky2AIB4AIB&aid=304142&ucfs=1&arphpl=1&checkin=2026-02-27&checkout=2026-03-06&dest_id=-370210&dest_type=city&group_adults=2&req_adults=2&no_rooms=1&group_children=0&req_children=0&hpos=1&hapos=1&sr_order=popularity&nflt=ht_id%3D204&srpvid=24364f4c77730267&srepoch=1768821457&all_sr_blocks=9071713_88182224_2_42_0&highlighted_blocks=9071713_88182224_2_42_0&matching_block_id=9071713_88182224_2_42_0&sr_pri_blocks=9071713_88182224_2_42_0__35040&from=searchresults,Hotel Albahia Alicante,350.0,2026-02-27,Alicante,
https://www.booking.com/hotel/es/estudiotel-alicante.html?label=gen173nr-10CAEoggI46AdIMVgEaEaIAQGYATO4AQfIAQzYAQPoAQH4AQGIAgGoAgG4AoOluMsGwAIB0gIkNmNhY2FhZjctYjEyNi00ZTViLWJmZTMtNzEwZDczMDJlNDky2AIB4AIB&aid=304142&ucfs=1&arphpl=1&checkin=2026-02-27&checkout=2026-03-06&dest_id=-370210&dest_type=city&group_adults=2&req_adults=2&no_rooms=1&group_children=0&req_children=0&hpos=2&hapos=2&sr_order=popularity&nflt=ht_id%3D204&srpvid=24364f4c77730267&srepoch=1768821457&all_sr_blocks=1304501_95136853_0_2_0&highlighted_blocks=1304501_95136853_0_2_0&matching_block_id=1304501_95136853_0_2_0&sr_pri_blocks=1304501_95136853_0_2_0__44337&from=searchresults,Estudiotel Alicante,443.0,2026-02-27,Alicante,
https://www.booking.com/hotel/es/castillaalicante.html?label=gen173nr-10CAEoggI46AdIMVgEaEaIAQGYATO4AQfIAQzYAQPoAQH4AQGIAgGoAgG4AoOluMsGwAIB0gIkNmNhY2FhZjctYjEyNi00ZTViLWJmZTMtNzEwZDczMDJlNDky2AIB4AIB&aid=304142&ucfs=1&arphpl=1&checkin=2026-02-27&checkout=2026-03-06&dest_id=-370210&dest_type=city&group_adults=2&req_adults=2&no_rooms=1&group_children=0&req_children=0&hpos=3&hapos=3&sr_order=popularity&nflt=ht_id%3D204&srpvid=24364f4c77730267&srepoch=1768821457&all_sr_blocks=9041020_425188474_0_42_0&highlighted_blocks=9041020_425188474_0_42_0&matching_block_id=9041020_425188474_0_42_0&sr_pri_blocks=9041020_425188474_0_42_0__45808&from=searchresults,Hotel Castilla Alicante,458.0,2026-02-27,Alicante,
https://www.booking.com/hotel/es/portalicanteplayadesanjuan.html?label=gen173nr-10CAEoggI46AdIMVgEaEaIAQGYATO4AQfIAQzYAQPoAQH4AQGIAgGoAgG4AoOluMsGwAIB0gIkNmNhY2FhZjctYjEyNi00ZTViLWJmZTMtNzEwZDczMDJlNDky2AIB4AIB&aid=304142&ucfs=1&arphpl=1&checkin=2026-02-27&checkout=2026-03-06&dest_id=-370210&dest_type=city&group_adults=2&req_adults=2&no_rooms=1&group_children=0&req_children=0&hpos=4&hapos=4&sr_order=popularity&nflt=ht_id%3D204&srpvid=24364f4c77730267&srepoch=1768821457&all_sr_blocks=9330609_229967018_0_42_0&highlighted_blocks=9330609_229967018_0_42_0&matching_block_id=9330609_229967018_0_42_0&sr_pri_blocks=9330609_229967018_0_42_0__84921&from=searchresults,Port Alicante City & Beach,849.0,2026-02-27,Alicante,
https://www.booking.com/hotel/es/eurostarscentrumalicante.html?label=gen173nr-10CAEoggI46AdIMVgEaEaIAQGYATO4AQfIAQzYAQPoAQH4AQGIAgGoAgG4AoOluMsGwAIB0gIkNmNhY2FhZjctYjEyNi00ZTViLWJmZTMtNzEwZDczMDJlNDky2AIB4AIB&aid=304142&ucfs=1&arphpl=1&checkin=2026-02-27&checkout=2026-03-06&dest_id=-370210&dest_type=city&group_adults=2&req_adults=2&no_rooms=1&group_children=0&req_children=0&hpos=5&hapos=5&sr_order=popularity&nflt=ht_id%3D204&srpvid=24364f4c77730267&srepoch=1768821457&all_sr_blocks=9050002_88181811_2_34_0_160275&highlighted_blocks=9050002_88181811_2_34_0_160275&matching_block_id=9050002_88181811_2_34_0_160275&sr_pri_blocks=9050002_88181811_2_34_0_160275_62948&from_sustainable_property_sr=1&from=searchresults,Eurostars Centrum Alicante,629.0,2026-02-27,Alicante,
https://www.booking.com/hotel/es/casa-alberola-suites.html?label=gen173nr-10CAEoggI46AdIMVgEaEaIAQGYATO4AQfIAQzYAQPoAQH4AQGIAgGoAgG4AoOluMsGwAIB0gIkNmNhY2FhZjctYjEyNi00ZTViLWJmZTMtNzEwZDczMDJlNDky2AIB4AIB&aid=304142&ucfs=1&arphpl=1&checkin=2026-02-27&checkout=2026-03-06&dest_id=-370210&dest_type=city&group_adults=2&req_adults=2&no_rooms=1&group_children=0&req_children=0&hpos=6&hapos=6&sr_order=popularity&nflt=ht_id%3D204&srpvid=24364f4c77730267&srepoch=1768821457&all_sr_blocks=1023551101_375406047_2_0_0&highlighted_blocks=1023551101_375406047_2_0_0&matching_block_id=1023551101_375406047_2_0_0&sr_pri_blocks=1023551101_375406047_2_0_0__102255&from=searchresults,Casa Alberola Apartments,1023.0,2026-02-27,Alicante,
https://www.booking.com/hotel/es/eurostarsmediterraneaplaza.html?label=gen173nr-10CAEoggI46AdIMVgEaEaIAQGYATO4AQfIAQzYAQPoAQH4AQGIAgGoAgG4AoOluMsGwAIB0gIkNmNhY2FhZjctYjEyNi00ZTViLWJmZTMtNzEwZDczMDJlNDky2AIB4AIB&aid=304142&ucfs=1&arphpl=1&checkin=2026-02-27&checkout=2026-03-06&dest_id=-370210&dest_type=city&group_adults=2&req_adults=2&no_rooms=1&group_children=0&req_children=0&hpos=7&hapos=7&sr_order=popularity&nflt=ht_id%3D204&srpvid=24364f4c77730267&srepoch=1768821457&all_sr_blocks=9029801_93708792_2_2_0_160276&highlighted_blocks=9029801_93708792_2_2_0_160276&matching_block_id=9029801_93708792_2_2_0_160276&sr_pri_blocks=9029801_93708792_2_2_0_160276_78664&from_sustainable_property_sr=1&from=searchresults,Eurostars Mediterranea Plaza,787.0,2026-02-27,Alicante,
https://www.booking.com/hotel/es/maritimo-alicante.html?label=gen173nr-10CAEoggI46AdIMVgEaEaIAQGYATO4AQfIAQzYAQPoAQH4AQGIAgGoAgG4AoOluMsGwAIB0gIkNmNhY2FhZjctYjEyNi00ZTViLWJmZTMtNzEwZDczMDJlNDky2AIB4AIB&aid=304142&ucfs=1&arphpl=1&checkin=2026-02-27&checkout=2026-03-06&dest_id=-370210&dest_type=city&group_adults=2&req_adults=2&no_rooms=1&group_children=0&req_children=0&hpos=8&hapos=8&sr_order=popularity&nflt=ht_id%3D204&srpvid=24364f4c77730267&srepoch=1768821457&all_sr_blocks=23627001_336427007_0_2_0&highlighted_blocks=23627001_336427007_0_2_0&matching_block_id=23627001_336427007_0_2_0&sr_pri_blocks=23627001_336427007_0_2_0__45390&from=searchresults,Hotel Marítimo Urban,454.0,2026-02-27,Alicante,
https://www.booking.com/hotel/es/eurostars-lucentum.html?label=gen173nr-10CAEoggI46AdIMVgEaEaIAQGYATO4AQfIAQzYAQPoAQH4AQGIAgGoAgG4AoOluMsGwAIB0gIkNmNhY2FhZjctYjEyNi00ZTViLWJmZTMtNzEwZDczMDJlNDky2AIB4AIB&aid=304142&ucfs=1&arphpl=1&checkin=2026-02-27&checkout=2026-03-06&dest_id=-370210&dest_type=city&group_adults=2&req_adults=2&no_rooms=1&group_children=0&req_children=0&hpos=9&hapos=9&sr_order=popularity&nflt=ht_id%3D204&srpvid=24364f4c77730267&srepoch=1768821457&all_sr_blocks=9267701_91463119_2_34_0&highlighted_blocks=9267701_91463119_2_34_0&matching_block_id=9267701_91463119_2_34_0&sr_pri_blocks=9267701_91463119_2_34_0__68325&from_sustainable_property_sr=1&from=searchresults,Eurostars Lucentum,683.0,2026-02-27,Alicante,
https://www.booking.com/hotel/es/eurostars-portico-alicante.html?label=gen173nr-10CAEoggI46AdIMVgEaEaIAQGYATO4AQfIAQzYAQPoAQH4AQGIAgGoAgG4AoOluMsGwAIB0gIkNmNhY2FhZjctYjEyNi00ZTViLWJmZTMtNzEwZDczMDJlNDky2AIB4AIB&aid=304142&ucfs=1&arphpl=1&checkin=2026-02-27&checkout=2026-03-06&dest_id=-370210&dest_type=city&group_adults=2&req_adults=2&no_rooms=1&group_children=0&req_children=0&hpos=10&hapos=10&sr_order=popularity&nflt=ht_id%3D204&srpvid=24364f4c77730267&srepoch=1768821457&all_sr_blocks=812932505_343617633_2_2_0&highlighted_blocks=812932505_343617633_2_2_0&matching_block_id=812932505_343617633_2_2_0&sr_pri_blocks=812932505_343617633_2_2_0__98186&from=searchresults,Eurostars Pórtico Alicante,982.0,2026-02-27,Alicante,
https://www.booking.com/hotel/es/apartamentos-de-la-huerta.html?label=gen173nr-10CAEoggI46AdIMVgEaEaIAQGYATO4AQfIAQzYAQPoAQH4AQGIAgGoAgG4AoOluMsGwAIB0gIkNmNhY2FhZjctYjEyNi00ZTViLWJmZTMtNzEwZDczMDJlNDky2AIB4AIB&aid=304142&ucfs=1&arphpl=1&checkin=2026-02-27&checkout=2026-03-06&dest_id=-370210&dest_type=city&group_adults=2&req_adults=2&no_rooms=1&group_children=0&req_children=0&hpos=11&hapos=11&sr_order=popularity&nflt=ht_id%3D204&srpvid=24364f4c77730267&srepoch=1768821457&all_sr_blocks=495435901_339046985_2_0_0&highlighted_blocks=495435901_339046985_2_0_0&matching_block_id=495435901_339046985_2_0_0&sr_pri_blocks=495435901_339046985_2_0_0__79000&from=searchresults,Apartamentos de la Huerta,790.0,2026-02-27,Alicante,
https://www.booking.com/hotel/es/koala-hostel-mercado.html?label=gen173nr-10CAEoggI46AdIMVgEaEaIAQGYATO4AQfIAQzYAQPoAQH4AQGIAgGoAgG4AoOluMsGwAIB0gIkNmNhY2FhZjctYjEyNi00ZTViLWJmZTMtNzEwZDczMDJlNDky2AIB4AIB&aid=304142&ucfs=1&arphpl=1&checkin=2026-02-27&checkout=2026-03-06&dest_id=-370210&dest_type=city&group_adults=2&req_adults=2&no_rooms=1&group_children=0&req_children=0&hpos=12&hapos=12&sr_order=popularity&nflt=ht_id%3D204&srpvid=24364f4c77730267&srepoch=1768821457&all_sr_blocks=1163063503_388971195_0_0_0&highlighted_blocks=1163063503_388971195_0_0_0&matching_block_id=1163063503_388971195_0_0_0&sr_pri_blocks=1163063503_388971195_0_0_0__36000&from=searchresults,Koala Hostel Mercado,360.0,2026-02-27,Alicante,
https://www.booking.com/hotel/es/bypillow-pasep.html?label=gen173nr-10CAEoggI46AdIMVgEaEaIAQGYATO4AQfIAQzYAQPoAQH4AQGIAgGoAgG4AoOluMsGwAIB0gIkNmNhY2FhZjctYjEyNi00ZTViLWJmZTMtNzEwZDczMDJlNDky2AIB4AIB&aid=304142&ucfs=1&arphpl=1&checkin=2026-02-27&checkout=2026-03-06&dest_id=-370210&dest_type=city&group_adults=2&req_adults=2&no_rooms=1&group_children=0&req_children=0&hpos=13&hapos=13&sr_order=popularity&nflt=ht_id%3D204&srpvid=24364f4c77730267&srepoch=1768821457&all_sr_blocks=1138452602_386560248_2_2_0&highlighted_blocks=1138452602_386560248_2_2_0&matching_block_id=1138452602_386560248_2_2_0&sr_pri_blocks=1138452602_386560248_2_2_0__51237&from=searchresults,BYPILLOW Paseo,512.0,2026-02-27,Alicante,
https://www.booking.com/hotel/es/soho-boho-apartments.html?label=gen173nr-10CAEoggI46AdIMVgEaEaIAQGYATO4AQfIAQzYAQPoAQH4AQGIAgGoAgG4AoOluMsGwAIB0gIkNmNhY2FhZjctYjEyNi00ZTViLWJmZTMtNzEwZDczMDJlNDky2AIB4AIB&aid=304142&ucfs=1&arphpl=1&checkin=2026-02-27&checkout=2026-03-06&dest_id=-370210&dest_type=city&group_adults=2&req_adults=2&no_rooms=1&group_children=0&req_children=0&hpos=14&hapos=14&sr_order=popularity&nflt=ht_id%3D204&srpvid=24364f4c77730267&srepoch=1768821457&all_sr_blocks=830231407_348100798_2_0_0&highlighted_blocks=830231407_348100798_2_0_0&matching_block_id=830231407_348100798_2_0_0&sr_pri_blocks=830231407_348100798_2_0_0__69100&from=searchresults,Soho Boho Apartments - with sunny rooftop terrace and fiber optic internet,691.0,2026-02-27,Alicante,
https://www.booking.com/hotel/es/la-city-mercado.html?label=gen173nr-10CAEoggI46AdIMVgEaEaIAQGYATO4AQfIAQzYAQPoAQH4AQGIAgGoAgG4AoOluMsGwAIB0gIkNmNhY2FhZjctYjEyNi00ZTViLWJmZTMtNzEwZDczMDJlNDky2AIB4AIB&aid=304142&ucfs=1&arphpl=1&checkin=2026-02-27&checkout=2026-03-06&dest_id=-370210&dest_type=city&group_adults=2&req_adults=2&no_rooms=1&group_children=0&req_children=0&hpos=15&hapos=15&sr_order=popularity&nflt=ht_id%3D204&srpvid=24364f4c77730267&srepoch=1768821457&all_sr_blocks=195125102_329163368_2_2_0&highlighted_blocks=195125102_329163368_2_2_0&matching_block_id=195125102_329163368_2_2_0&sr_pri_blocks=195125102_329163368_2_2_0__63400&from=searchresults,La City Mercado,634.0,2026-02-27,Alicante,
https://www.booking.com/hotel/es/serawa-alicante-alicante.html?label=gen173nr-10CAEoggI46AdIMVgEaEaIAQGYATO4AQfIAQzYAQPoAQH4AQGIAgGoAgG4AoOluMsGwAIB0gIkNmNhY2FhZjctYjEyNi00ZTViLWJmZTMtNzEwZDczMDJlNDky2AIB4AIB&aid=304142&ucfs=1&arphpl=1&checkin=2026-02-27&checkout=2026-03-06&dest_id=-370210&dest_type=city&group_adults=2&req_adults=2&no_rooms=1&group_children=0&req_children=0&hpos=16&hapos=16&sr_order=popularity&nflt=ht_id%3D204&srpvid=24364f4c77730267&srepoch=1768821457&all_sr_blocks=576286301_401934364_2_33_0&highlighted_blocks=576286301_401934364_2_33_0&matching_block_id=576286301_401934364_2_33_0&sr_pri_blocks=576286301_401934364_2_33_0__124300&from=searchresults,Hotel Serawa Alicante,1243.0,2026-02-27,Alicante,
https://www.booking.com/hotel/es/mush-rooms.html?label=gen173nr-10CAEoggI46AdIMVgEaEaIAQGYATO4AQfIAQzYAQPoAQH4AQGIAgGoAgG4AoOluMsGwAIB0gIkNmNhY2FhZjctYjEyNi00ZTViLWJmZTMtNzEwZDczMDJlNDky2AIB4AIB&aid=304142&ucfs=1&arphpl=1&checkin=2026-02-27&checkout=2026-03-06&dest_id=-370210&dest_type=city&group_adults=2&req_adults=2&no_rooms=1&group_children=0&req_children=0&hpos=17&hapos=17&sr_order=popularity&nflt=ht_id%3D204&srpvid=24364f4c77730267&srepoch=1768821457&all_sr_blocks=676377404_398977504_6_0_0&highlighted_blocks=676377404_398977504_6_0_0&matching_block_id=676377404_398977504_6_0_0&sr_pri_blocks=676377404_398977504_6_0_0__65400&from=searchresults,Mush Rooms Apartments,654.0,2026-02-27,Alicante,
https://www.booking.com/hotel/es/el-patio-alacant1.html?label=gen173nr-10CAEoggI46AdIMVgEaEaIAQGYATO4AQfIAQzYAQPoAQH4AQGIAgGoAgG4AoOluMsGwAIB0gIkNmNhY2FhZjctYjEyNi00ZTViLWJmZTMtNzEwZDczMDJlNDky2AIB4AIB&aid=304142&ucfs=1&arphpl=1&checkin=2026-02-27&checkout=2026-03-06&dest_id=-370210&dest_type=city&group_adults=2&req_adults=2&no_rooms=1&group_children=0&req_children=0&hpos=18&hapos=18&sr_order=popularity&nflt=ht_id%3D204&srpvid=24364f4c77730267&srepoch=1768821457&all_sr_blocks=843134401_355402998_0_0_0&highlighted_blocks=843134401_355402998_0_0_0&matching_block_id=843134401_355402998_0_0_0&sr_pri_blocks=843134401_355402998_0_0_0__40700&from=searchresults,El Patio Hostal,407.0,2026-02-27,Alicante,
https://www.booking.com/hotel/es/apartamento-minimalista-centrico-y-con-check-in-autonomo.html?label=gen173nr-10CAEoggI46AdIMVgEaEaIAQGYATO4AQfIAQzYAQPoAQH4AQGIAgGoAgG4AoOluMsGwAIB0gIkNmNhY2FhZjctYjEyNi00ZTViLWJmZTMtNzEwZDczMDJlNDky2AIB4AIB&aid=304142&ucfs=1&arphpl=1&checkin=2026-02-27&checkout=2026-03-06&dest_id=-370210&dest_type=city&group_adults=2&req_adults=2&no_rooms=1&group_children=0&req_children=0&hpos=19&hapos=19&sr_order=popularity&nflt=ht_id%3D204&srpvid=24364f4c77730267&srepoch=1768821457&all_sr_blocks=1283860202_402709661_2_0_0_644339&highlighted_blocks=1283860202_402709661_2_0_0_644339&matching_block_id=1283860202_402709661_2_0_0_644339&sr_pri_blocks=1283860202_402709661_2_0_0_644339_73570&from=searchresults,Jome Stays Alicante centro,736.0,2026-02-27,Alicante,
https://www.booking.com/hotel/es/rs-boutique-apartments.html?label=gen173nr-10CAEoggI46AdIMVgEaEaIAQGYATO4AQfIAQzYAQPoAQH4AQGIAgGoAgG4AoOluMsGwAIB0gIkNmNhY2FhZjctYjEyNi00ZTViLWJmZTMtNzEwZDczMDJlNDky2AIB4AIB&aid=304142&ucfs=1&arphpl=1&checkin=2026-02-27&checkout=2026-03-06&dest_id=-370210&dest_type=city&group_adults=2&req_adults=2&no_rooms=1&group_children=0&req_children=0&hpos=20&hapos=20&sr_order=popularity&nflt=ht_id%3D204&srpvid=24364f4c77730267&srepoch=1768821457&all_sr_blocks=1154074001_402904964_2_2_0&highlighted_blocks=1154074001_402904964_2_2_0&matching_block_id=1154074001_402904964_2_2_0&sr_pri_blocks=1154074001_402904964_2_2_0__101360&from=searchresults,RS Boutique Apartments,1014.0,2026-02-27,Alicante,
https://www.booking.com/hotel/es/hostal-la-lonja.html?label=gen173nr-10CAEoggI46AdIMVgEaEaIAQGYATO4AQfIAQzYAQPoAQH4AQGIAgGoAgG4AoOluMsGwAIB0gIkNmNhY2FhZjctYjEyNi00ZTViLWJmZTMtNzEwZDczMDJlNDky2AIB4AIB&aid=304142&ucfs=1&arphpl=1&checkin=2026-02-27&checkout=2026-03-06&dest_id=-370210&dest_type=city&group_adults=2&req_adults=2&no_rooms=1&group_children=0&req_children=0&hpos=21&hapos=21&sr_order=popularity&nflt=ht_id%3D204&srpvid=24364f4c77730267&srepoch=1768821457&all_sr_blocks=23634117_88204076_2_2_0&highlighted_blocks=23634117_88204076_2_2_0&matching_block_id=23634117_88204076_2_2_0&sr_pri_blocks=23634117_88204076_2_2_0__52296&from=searchresults,La Lonja,523.0,2026-02-27,Alicante,
https://www.booking.com/hotel/es/nhalicante.html?label=gen173nr-10CAEoggI46AdIMVgEaEaIAQGYATO4AQfIAQzYAQPoAQH4AQGIAgGoAgG4AoOluMsGwAIB0gIkNmNhY2FhZjctYjEyNi00ZTViLWJmZTMtNzEwZDczMDJlNDky2AIB4AIB&aid=304142&ucfs=1&arphpl=1&checkin=2026-02-27&checkout=2026-03-06&dest_id=-370210&dest_type=city&group_adults=2&req_adults=2&no_rooms=1&group_children=0&req_children=0&hpos=22&hapos=22&sr_order=popularity&nflt=ht_id%3D204&srpvid=24364f4c77730267&srepoch=1768821457&all_sr_blocks=9187002_93709484_0_2_0&highlighted_blocks=9187002_93709484_0_2_0&matching_block_id=9187002_93709484_0_2_0&sr_pri_blocks=9187002_93709484_0_2_0__79101&from=searchresults,NH Alicante,791.0,2026-02-27,Alicante,
https://www.booking.com/hotel/es/rambla-alicante.html?label=gen173nr-10CAEoggI46AdIMVgEaEaIAQGYATO4AQfIAQzYAQPoAQH4AQGIAgGoAgG4AoOluMsGwAIB0gIkNmNhY2FhZjctYjEyNi00ZTViLWJmZTMtNzEwZDczMDJlNDky2AIB4AIB&aid=304142&ucfs=1&arphpl=1&checkin=2026-02-27&checkout=2026-03-06&dest_id=-370210&dest_type=city&group_adults=2&req_adults=2&no_rooms=1&group_children=0&req_children=0&hpos=23&hapos=23&sr_order=popularity&nflt=ht_id%3D204&srpvid=24364f4c77730267&srepoch=1768821457&all_sr_blocks=1355022_95137731_2_0_0&highlighted_blocks=1355022_95137731_2_0_0&matching_block_id=1355022_95137731_2_0_0&sr_pri_blocks=1355022_95137731_2_0_0__60067&from=searchresults,Rambla Alicante,601.0,2026-02-27,Alicante,
https://www.booking.com/hotel/es/umihouse.html?label=gen173nr-10CAEoggI46AdIMVgEaEaIAQGYATO4AQfIAQzYAQPoAQH4AQGIAgGoAgG4AoOluMsGwAIB0gIkNmNhY2FhZjctYjEyNi00ZTViLWJmZTMtNzEwZDczMDJlNDky2AIB4AIB&aid=304142&ucfs=1&arphpl=1&checkin=2026-02-27&checkout=2026-03-06&dest_id=-370210&dest_type=city&group_adults=2&req_adults=2&no_rooms=1&group_children=0&req_children=0&hpos=24&hapos=24&sr_order=popularity&nflt=ht_id%3D204&srpvid=24364f4c77730267&srepoch=1768821457&all_sr_blocks=595113022_233509313_0_0_0&highlighted_blocks=595113022_233509313_0_0_0&matching_block_id=595113022_233509313_0_0_0&sr_pri_blocks=595113022_233509313_0_0_0__70800&from=searchresults,Umihouse apartamentos centro Alicante,708.0,2026-02-27,Alicante,
https://www.booking.com/hotel/es/cervantes-alicante.html?label=gen173nr-10CAEoggI46AdIMVgEaEaIAQGYATO4AQfIAQzYAQPoAQH4AQGIAgGoAgG4AoOluMsGwAIB0gIkNmNhY2FhZjctYjEyNi00ZTViLWJmZTMtNzEwZDczMDJlNDky2AIB4AIB&aid=304142&ucfs=1&arphpl=1&checkin=2026-02-27&checkout=2026-03-06&dest_id=-370210&dest_type=city&group_adults=2&req_adults=2&no_rooms=1&group_children=0&req_children=0&hpos=25&hapos=25&sr_order=popularity&nflt=ht_id%3D204&srpvid=24364f4c77730267&srepoch=1768821457&all_sr_blocks=1350709_365073949_0_1_0&highlighted_blocks=1350709_365073949_0_1_0&matching_block_id=1350709_365073949_0_1_0&sr_pri_blocks=1350709_365073949_0_1_0__73000&from=searchresults,Hotel Cervantes,730.0,2026-02-27,Alicante,
https://www.booking.com/hotel/es/albahia.html?label=gen173nr-10CAEoggI46AdIMVgEaEaIAQGYATO4AQfIAQzYAQPoAQH4AQGIAgGoAgG4AoOluMsGwAIB0gIkNmNhY2FhZjctYjEyNi00ZTViLWJmZTMtNzEwZDczMDJlNDky2AIB4AIB&aid=304142&ucfs=1&arphpl=1&checkin=2026-02-27&checkout=2026-03-06&dest_id=-370210&dest_type=city&group_adults=2&req_adults=2&no_rooms=1&group_children=0&req_children=0&hpos=1&hapos=1&sr_order=popularity&nflt=ht_id%3D204&srpvid=24364f4c77730267&srepoch=1768821462&all_sr_blocks=9071713_88182224_2_42_0&highlighted_blocks=9071713_88182224_2_42_0&matching_block_id=9071713_88182224_2_42_0&sr_pri_blocks=9071713_88182224_2_42_0__35040&from=searchresults,Hotel Albahia Alicante,350.0,2026-02-27,Alicante,
https://www.booking.com/hotel/es/estudiotel-alicante.html?label=gen173nr-10CAEoggI46AdIMVgEaEaIAQGYATO4AQfIAQzYAQPoAQH4AQGIAgGoAgG4AoOluMsGwAIB0gIkNmNhY2FhZjctYjEyNi00ZTViLWJmZTMtNzEwZDczMDJlNDky2AIB4AIB&aid=304142&ucfs=1&arphpl=1&checkin=2026-02-27&checkout=2026-03-06&dest_id=-370210&dest_type=city&group_adults=2&req_adults=2&no_rooms=1&group_children=0&req_children=0&hpos=2&hapos=2&sr_order=popularity&nflt=ht_id%3D204&srpvid=24364f4c77730267&srepoch=1768821462&all_sr_blocks=1304501_95136853_0_2_0&highlighted_blocks=1304501_95136853_0_2_0&matching_block_id=1304501_95136853_0_2_0&sr_pri_blocks=1304501_95136853_0_2_0__44337&from=searchresults,Estudiotel Alicante,443.0,2026-02-27,Alicante,
https://www.booking.com/hotel/es/castillaalicante.html?label=gen173nr-10CAEoggI46AdIMVgEaEaIAQGYATO4AQfIAQzYAQPoAQH4AQGIAgGoAgG4AoOluMsGwAIB0gIkNmNhY2FhZjctYjEyNi00ZTViLWJmZTMtNzEwZDczMDJlNDky2AIB4AIB&aid=304142&ucfs=1&arphpl=1&checkin=2026-02-27&checkout=2026-03-06&dest_id=-370210&dest_type=city&group_adults=2&req_adults=2&no_rooms=1&group_children=0&req_children=0&hpos=3&hapos=3&sr_order=popularity&nflt=ht_id%3D204&srpvid=24364f4c77730267&srepoch=1768821462&all_sr_blocks=9041020_425188474_0_42_0&highlighted_blocks=9041020_425188474_0_42_0&matching_block_id=9041020_425188474_0_42_0&sr_pri_blocks=9041020_425188474_0_42_0__45808&from=searchresults,Hotel Castilla Alicante,458.0,2026-02-27,Alicante,
https://www.booking.com/hotel/es/portalicanteplayadesanjuan.html?label=gen173nr-10CAEoggI46AdIMVgEaEaIAQGYATO4AQfIAQzYAQPoAQH4AQGIAgGoAgG4AoOluMsGwAIB0gIkNmNhY2FhZjctYjEyNi00ZTViLWJmZTMtNzEwZDczMDJlNDky2AIB4AIB&aid=304142&ucfs=1&arphpl=1&checkin=2026-02-27&checkout=2026-03-06&dest_id=-370210&dest_type=city&group_adults=2&req_adults=2&no_rooms=1&group_children=0&req_children=0&hpos=4&hapos=4&sr_order=popularity&nflt=ht_id%3D204&srpvid=24364f4c77730267&srepoch=1768821462&all_sr_blocks=9330609_229967018_0_42_0&highlighted_blocks=9330609_229967018_0_42_0&matching_block_id=9330609_229967018_0_42_0&sr_pri_blocks=9330609_229967018_0_42_0__84921&from=searchresults,Port Alicante City & Beach,849.0,2026-02-27,Alicante,
https://www.booking.com/hotel/es/eurostarscentrumalicante.html?label=gen173nr-10CAEoggI46AdIMVgEaEaIAQGYATO4AQfIAQzYAQPoAQH4AQGIAgGoAgG4AoOluMsGwAIB0gIkNmNhY2FhZjctYjEyNi00ZTViLWJmZTMtNzEwZDczMDJlNDky2AIB4AIB&aid=304142&ucfs=1&arphpl=1&checkin=2026-02-27&checkout=2026-03-06&dest_id=-370210&dest_type=city&group_adults=2&req_adults=2&no_rooms=1&group_children=0&req_children=0&hpos=5&hapos=5&sr_order=popularity&nflt=ht_id%3D204&srpvid=24364f4c77730267&srepoch=1768821462&all_sr_blocks=9050002_88181811_2_34_0_160275&highlighted_blocks=9050002_88181811_2_34_0_160275&matching_block_id=9050002_88181811_2_34_0_160275&sr_pri_blocks=9050002_88181811_2_34_0_160275_62948&from_sustainable_property_sr=1&from=searchresults,Eurostars Centrum Alicante,629.0,2026-02-27,Alicante,
https://www.booking.com/hotel/es/casa-alberola-suites.html?label=gen173nr-10CAEoggI46AdIMVgEaEaIAQGYATO4AQfIAQzYAQPoAQH4AQGIAgGoAgG4AoOluMsGwAIB0gIkNmNhY2FhZjctYjEyNi00ZTViLWJmZTMtNzEwZDczMDJlNDky2AIB4AIB&aid=304142&ucfs=1&arphpl=1&checkin=2026-02-27&checkout=2026-03-06&dest_id=-370210&dest_type=city&group_adults=2&req_adults=2&no_rooms=1&group_children=0&req_children=0&hpos=6&hapos=6&sr_order=popularity&nflt=ht_id%3D204&srpvid=24364f4c77730267&srepoch=1768821462&all_sr_blocks=1023551101_375406047_2_0_0&highlighted_blocks=1023551101_375406047_2_0_0&matching_block_id=1023551101_375406047_2_0_0&sr_pri_blocks=1023551101_375406047_2_0_0__102255&from=searchresults,Casa Alberola Apartments,1023.0,2026-02-27,Alicante,
https://www.booking.com/hotel/es/eurostarsmediterraneaplaza.html?label=gen173nr-10CAEoggI46AdIMVgEaEaIAQGYATO4AQfIAQzYAQPoAQH4AQGIAgGoAgG4AoOluMsGwAIB0gIkNmNhY2FhZjctYjEyNi00ZTViLWJmZTMtNzEwZDczMDJlNDky2AIB4AIB&aid=304142&ucfs=1&arphpl=1&checkin=2026-02-27&checkout=2026-03-06&dest_id=-370210&dest_type=city&group_adults=2&req_adults=2&no_rooms=1&group_children=0&req_children=0&hpos=7&hapos=7&sr_order=popularity&nflt=ht_id%3D204&srpvid=24364f4c77730267&srepoch=1768821462&all_sr_blocks=9029801_93708792_2_2_0_160276&highlighted_blocks=9029801_93708792_2_2_0_160276&matching_block_id=9029801_93708792_2_2_0_160276&sr_pri_blocks=9029801_93708792_2_2_0_160276_78664&from_sustainable_property_sr=1&from=searchresults,Eurostars Mediterranea Plaza,787.0,2026-02-27,Alicante,
https://www.booking.com/hotel/es/maritimo-alicante.html?label=gen173nr-10CAEoggI46AdIMVgEaEaIAQGYATO4AQfIAQzYAQPoAQH4AQGIAgGoAgG4AoOluMsGwAIB0gIkNmNhY2FhZjctYjEyNi00ZTViLWJmZTMtNzEwZDczMDJlNDky2AIB4AIB&aid=304142&ucfs=1&arphpl=1&checkin=2026-02-27&checkout=2026-03-06&dest_id=-370210&dest_type=city&group_adults=2&req_adults=2&no_rooms=1&group_children=0&req_children=0&hpos=8&hapos=8&sr_order=popularity&nflt=ht_id%3D204&srpvid=24364f4c77730267&srepoch=1768821462&all_sr_blocks=23627001_336427007_0_2_0&highlighted_blocks=23627001_336427007_0_2_0&matching_block_id=23627001_336427007_0_2_0&sr_pri_blocks=23627001_336427007_0_2_0__45390&from=searchresults,Hotel Marítimo Urban,454.0,2026-02-27,Alicante,
https://www.booking.com/hotel/es/eurostars-lucentum.html?label=gen173nr-10CAEoggI46AdIMVgEaEaIAQGYATO4AQfIAQzYAQPoAQH4AQGIAgGoAgG4AoOluMsGwAIB0gIkNmNhY2FhZjctYjEyNi00ZTViLWJmZTMtNzEwZDczMDJlNDky2AIB4AIB&aid=304142&ucfs=1&arphpl=1&checkin=2026-02-27&checkout=2026-03-06&dest_id=-370210&dest_type=city&group_adults=2&req_adults=2&no_rooms=1&group_children=0&req_children=0&hpos=9&hapos=9&sr_order=popularity&nflt=ht_id%3D204&srpvid=24364f4c77730267&srepoch=1768821462&all_sr_blocks=9267701_91463119_2_34_0&highlighted_blocks=9267701_91463119_2_34_0&matching_block_id=9267701_91463119_2_34_0&sr_pri_blocks=9267701_91463119_2_34_0__68325&from_sustainable_property_sr=1&from=searchresults,Eurostars Lucentum,683.0,2026-02-27,Alicante,
https://www.booking.com/hotel/es/eurostars-portico-alicante.html?label=gen173nr-10CAEoggI46AdIMVgEaEaIAQGYATO4AQfIAQzYAQPoAQH4AQGIAgGoAgG4AoOluMsGwAIB0gIkNmNhY2FhZjctYjEyNi00ZTViLWJmZTMtNzEwZDczMDJlNDky2AIB4AIB&aid=304142&ucfs=1&arphpl=1&checkin=2026-02-27&checkout=2026-03-06&dest_id=-370210&dest_type=city&group_adults=2&req_adults=2&no_rooms=1&group_children=0&req_children=0&hpos=10&hapos=10&sr_order=popularity&nflt=ht_id%3D204&srpvid=24364f4c77730267&srepoch=1768821462&all_sr_blocks=812932505_343617633_2_2_0&highlighted_blocks=812932505_343617633_2_2_0&matching_block_id=812932505_343617633_2_2_0&sr_pri_blocks=812932505_343617633_2_2_0__98186&from=searchresults,Eurostars Pórtico Alicante,982.0,2026-02-27,Alicante,
https://www.booking.com/hotel/es/apartamentos-de-la-huerta.html?label=gen173nr-10CAEoggI46AdIMVgEaEaIAQGYATO4AQfIAQzYAQPoAQH4AQGIAgGoAgG4AoOluMsGwAIB0gIkNmNhY2FhZjctYjEyNi00ZTViLWJmZTMtNzEwZDczMDJlNDky2AIB4AIB&aid=304142&ucfs=1&arphpl=1&checkin=2026-02-27&checkout=2026-03-06&dest_id=-370210&dest_type=city&group_adults=2&req_adults=2&no_rooms=1&group_children=0&req_children=0&hpos=11&hapos=11&sr_order=popularity&nflt=ht_id%3D204&srpvid=24364f4c77730267&srepoch=1768821462&all_sr_blocks=495435901_339046985_2_0_0&highlighted_blocks=495435901_339046985_2_0_0&matching_block_id=495435901_339046985_2_0_0&sr_pri_blocks=495435901_339046985_2_0_0__79000&from=searchresults,Apartamentos de la Huerta,790.0,2026-02-27,Alicante,
https://www.booking.com/hotel/es/koala-hostel-mercado.html?label=gen173nr-10CAEoggI46AdIMVgEaEaIAQGYATO4AQfIAQzYAQPoAQH4AQGIAgGoAgG4AoOluMsGwAIB0gIkNmNhY2FhZjctYjEyNi00ZTViLWJmZTMtNzEwZDczMDJlNDky2AIB4AIB&aid=304142&ucfs=1&arphpl=1&checkin=2026-02-27&checkout=2026-03-06&dest_id=-370210&dest_type=city&group_adults=2&req_adults=2&no_rooms=1&group_children=0&req_children=0&hpos=12&hapos=12&sr_order=popularity&nflt=ht_id%3D204&srpvid=24364f4c77730267&srepoch=1768821462&all_sr_blocks=1163063503_388971195_0_0_0&highlighted_blocks=1163063503_388971195_0_0_0&matching_block_id=1163063503_388971195_0_0_0&sr_pri_blocks=1163063503_388971195_0_0_0__36000&from=searchresults,Koala Hostel Mercado,360.0,2026-02-27,Alicante,
https://www.booking.com/hotel/es/bypillow-pasep.html?label=gen173nr-10CAEoggI46AdIMVgEaEaIAQGYATO4AQfIAQzYAQPoAQH4AQGIAgGoAgG4AoOluMsGwAIB0gIkNmNhY2FhZjctYjEyNi00ZTViLWJmZTMtNzEwZDczMDJlNDky2AIB4AIB&aid=304142&ucfs=1&arphpl=1&checkin=2026-02-27&checkout=2026-03-06&dest_id=-370210&dest_type=city&group_adults=2&req_adults=2&no_rooms=1&group_children=0&req_children=0&hpos=13&hapos=13&sr_order=popularity&nflt=ht_id%3D204&srpvid=24364f4c77730267&srepoch=1768821462&all_sr_blocks=1138452602_386560248_2_2_0&highlighted_blocks=1138452602_386560248_2_2_0&matching_block_id=1138452602_386560248_2_2_0&sr_pri_blocks=1138452602_386560248_2_2_0__51237&from=searchresults,BYPILLOW Paseo,512.0,2026-02-27,Alicante,
https://www.booking.com/hotel/es/soho-boho-apartments.html?label=gen173nr-10CAEoggI46AdIMVgEaEaIAQGYATO4AQfIAQzYAQPoAQH4AQGIAgGoAgG4AoOluMsGwAIB0gIkNmNhY2FhZjctYjEyNi00ZTViLWJmZTMtNzEwZDczMDJlNDky2AIB4AIB&aid=304142&ucfs=1&arphpl=1&checkin=2026-02-27&checkout=2026-03-06&dest_id=-370210&dest_type=city&group_adults=2&req_adults=2&no_rooms=1&group_children=0&req_children=0&hpos=14&hapos=14&sr_order=popularity&nflt=ht_id%3D204&srpvid=24364f4c77730267&srepoch=1768821462&all_sr_blocks=830231407_348100798_2_0_0&highlighted_blocks=830231407_348100798_2_0_0&matching_block_id=830231407_348100798_2_0_0&sr_pri_blocks=830231407_348100798_2_0_0__69100&from=searchresults,Soho Boho Apartments - with sunny rooftop terrace and fiber optic internet,691.0,2026-02-27,Alicante,
https://www.booking.com/hotel/es/la-city-mercado.html?label=gen173nr-10CAEoggI46AdIMVgEaEaIAQGYATO4AQfIAQzYAQPoAQH4AQGIAgGoAgG4AoOluMsGwAIB0gIkNmNhY2FhZjctYjEyNi00ZTViLWJmZTMtNzEwZDczMDJlNDky2AIB4AIB&aid=304142&ucfs=1&arphpl=1&checkin=2026-02-27&checkout=2026-03-06&dest_id=-370210&dest_type=city&group_adults=2&req_adults=2&no_rooms=1&group_children=0&req_children=0&hpos=15&hapos=15&sr_order=popularity&nflt=ht_id%3D204&srpvid=24364f4c77730267&srepoch=1768821462&all_sr_blocks=195125102_329163368_2_2_0&highlighted_blocks=195125102_329163368_2_2_0&matching_block_id=195125102_329163368_2_2_0&sr_pri_blocks=195125102_329163368_2_2_0__63400&from=searchresults,La City Mercado,634.0,2026-02-27,Alicante,
https://www.booking.com/hotel/es/serawa-alicante-alicante.html?label=gen173nr-10CAEoggI46AdIMVgEaEaIAQGYATO4AQfIAQzYAQPoAQH4AQGIAgGoAgG4AoOluMsGwAIB0gIkNmNhY2FhZjctYjEyNi00ZTViLWJmZTMtNzEwZDczMDJlNDky2AIB4AIB&aid=304142&ucfs=1&arphpl=1&checkin=2026-02-27&checkout=2026-03-06&dest_id=-370210&dest_type=city&group_adults=2&req_adults=2&no_rooms=1&group_children=0&req_children=0&hpos=16&hapos=16&sr_order=popularity&nflt=ht_id%3D204&srpvid=24364f4c77730267&srepoch=1768821462&all_sr_blocks=576286301_401934364_2_33_0&highlighted_blocks=576286301_401934364_2_33_0&matching_block_id=576286301_401934364_2_33_0&sr_pri_blocks=576286301_401934364_2_33_0__124300&from=searchresults,Hotel Serawa Alicante,1243.0,2026-02-27,Alicante,
https://www.booking.com/hotel/es/mush-rooms.html?label=gen173nr-10CAEoggI46AdIMVgEaEaIAQGYATO4AQfIAQzYAQPoAQH4AQGIAgGoAgG4AoOluMsGwAIB0gIkNmNhY2FhZjctYjEyNi00ZTViLWJmZTMtNzEwZDczMDJlNDky2AIB4AIB&aid=304142&ucfs=1&arphpl=1&checkin=2026-02-27&checkout=2026-03-06&dest_id=-370210&dest_type=city&group_adults=2&req_adults=2&no_rooms=1&group_children=0&req_children=0&hpos=17&hapos=17&sr_order=popularity&nflt=ht_id%3D204&srpvid=24364f4c77730267&srepoch=1768821462&all_sr_blocks=676377404_398977504_6_0_0&highlighted_blocks=676377404_398977504_6_0_0&matching_block_id=676377404_398977504_6_0_0&sr_pri_blocks=676377404_398977504_6_0_0__65400&from=searchresults,Mush Rooms Apartments,654.0,2026-02-27,Alicante,
https://www.booking.com/hotel/es/el-patio-alacant1.html?label=gen173nr-10CAEoggI46AdIMVgEaEaIAQGYATO4AQfIAQzYAQPoAQH4AQGIAgGoAgG4AoOluMsGwAIB0gIkNmNhY2FhZjctYjEyNi00ZTViLWJmZTMtNzEwZDczMDJlNDky2AIB4AIB&aid=304142&ucfs=1&arphpl=1&checkin=2026-02-27&checkout=2026-03-06&dest_id=-370210&dest_type=city&group_adults=2&req_adults=2&no_rooms=1&group_children=0&req_children=0&hpos=18&hapos=18&sr_order=popularity&nflt=ht_id%3D204&srpvid=24364f4c77730267&srepoch=1768821462&all_sr_blocks=843134401_355402998_0_0_0&highlighted_blocks=843134401_355402998_0_0_0&matching_block_id=843134401_355402998_0_0_0&sr_pri_blocks=843134401_355402998_0_0_0__40700&from=searchresults,El Patio Hostal,407.0,2026-02-27,Alicante,
https://www.booking.com/hotel/es/apartamento-minimalista-centrico-y-con-check-in-autonomo.html?label=gen173nr-10CAEoggI46AdIMVgEaEaIAQGYATO4AQfIAQzYAQPoAQH4AQGIAgGoAgG4AoOluMsGwAIB0gIkNmNhY2FhZjctYjEyNi00ZTViLWJmZTMtNzEwZDczMDJlNDky2AIB4AIB&aid=304142&ucfs=1&arphpl=1&checkin=2026-02-27&checkout=2026-03-06&dest_id=-370210&dest_type=city&group_adults=2&req_adults=2&no_rooms=1&group_children=0&req_children=0&hpos=19&hapos=19&sr_order=popularity&nflt=ht_id%3D204&srpvid=24364f4c77730267&srepoch=1768821462&all_sr_blocks=1283860202_402709661_2_0_0_644339&highlighted_blocks=1283860202_402709661_2_0_0_644339&matching_block_id=1283860202_402709661_2_0_0_644339&sr_pri_blocks=1283860202_402709661_2_0_0_644339_73570&from=searchresults,Jome Stays Alicante centro,736.0,2026-02-27,Alicante,
https://www.booking.com/hotel/es/rs-boutique-apartments.html?label=gen173nr-10CAEoggI46AdIMVgEaEaIAQGYATO4AQfIAQzYAQPoAQH4AQGIAgGoAgG4AoOluMsGwAIB0gIkNmNhY2FhZjctYjEyNi00ZTViLWJmZTMtNzEwZDczMDJlNDky2AIB4AIB&aid=304142&ucfs=1&arphpl=1&checkin=2026-02-27&checkout=2026-03-06&dest_id=-370210&dest_type=city&group_adults=2&req_adults=2&no_rooms=1&group_children=0&req_children=0&hpos=20&hapos=20&sr_order=popularity&nflt=ht_id%3D204&srpvid=24364f4c77730267&srepoch=1768821462&all_sr_blocks=1154074001_402904964_2_2_0&highlighted_blocks=1154074001_402904964_2_2_0&matching_block_id=1154074001_402904964_2_2_0&sr_pri_blocks=1154074001_402904964_2_2_0__101360&from=searchresults,RS Boutique Apartments,1014.0,2026-02-27,Alicante,
https://www.booking.com/hotel/es/hostal-la-lonja.html?label=gen173nr-10CAEoggI46AdIMVgEaEaIAQGYATO4AQfIAQzYAQPoAQH4AQGIAgGoAgG4AoOluMsGwAIB0gIkNmNhY2FhZjctYjEyNi00ZTViLWJmZTMtNzEwZDczMDJlNDky2AIB4AIB&aid=304142&ucfs=1&arphpl=1&checkin=2026-02-27&checkout=2026-03-06&dest_id=-370210&dest_type=city&group_adults=2&req_adults=2&no_rooms=1&group_children=0&req_children=0&hpos=21&hapos=21&sr_order=popularity&nflt=ht_id%3D204&srpvid=24364f4c77730267&srepoch=1768821462&all_sr_blocks=23634117_88204076_2_2_0&highlighted_blocks=23634117_88204076_2_2_0&matching_block_id=23634117_88204076_2_2_0&sr_pri_blocks=23634117_88204076_2_2_0__52296&from=searchresults,La Lonja,523.0,2026-02-27,Alicante,
https://www.booking.com/hotel/es/nhalicante.html?label=gen173nr-10CAEoggI46AdIMVgEaEaIAQGYATO4AQfIAQzYAQPoAQH4AQGIAgGoAgG4AoOluMsGwAIB0gIkNmNhY2FhZjctYjEyNi00ZTViLWJmZTMtNzEwZDczMDJlNDky2AIB4AIB&aid=304142&ucfs=1&arphpl=1&checkin=2026-02-27&checkout=2026-03-06&dest_id=-370210&dest_type=city&group_adults=2&req_adults=2&no_rooms=1&group_children=0&req_children=0&hpos=22&hapos=22&sr_order=popularity&nflt=ht_id%3D204&srpvid=24364f4c77730267&srepoch=1768821462&all_sr_blocks=9187002_93709484_0_2_0&highlighted_blocks=9187002_93709484_0_2_0&matching_block_id=9187002_93709484_0_2_0&sr_pri_blocks=9187002_93709484_0_2_0__79101&from=searchresults,NH Alicante,791.0,2026-02-27,Alicante,
https://www.booking.com/hotel/es/rambla-alicante.html?label=gen173nr-10CAEoggI46AdIMVgEaEaIAQGYATO4AQfIAQzYAQPoAQH4AQGIAgGoAgG4AoOluMsGwAIB0gIkNmNhY2FhZjctYjEyNi00ZTViLWJmZTMtNzEwZDczMDJlNDky2AIB4AIB&aid=304142&ucfs=1&arphpl=1&checkin=2026-02-27&checkout=2026-03-06&dest_id=-370210&dest_type=city&group_adults=2&req_adults=2&no_rooms=1&group_children=0&req_children=0&hpos=23&hapos=23&sr_order=popularity&nflt=ht_id%3D204&srpvid=24364f4c77730267&srepoch=1768821462&all_sr_blocks=1355022_95137731_2_0_0&highlighted_blocks=1355022_95137731_2_0_0&matching_block_id=1355022_95137731_2_0_0&sr_pri_blocks=1355022_95137731_2_0_0__60067&from=searchresults,Rambla Alicante,601.0,2026-02-27,Alicante,
https://www.booking.com/hotel/es/umihouse.html?label=gen173nr-10CAEoggI46AdIMVgEaEaIAQGYATO4AQfIAQzYAQPoAQH4AQGIAgGoAgG4AoOluMsGwAIB0gIkNmNhY2FhZjctYjEyNi00ZTViLWJmZTMtNzEwZDczMDJlNDky2AIB4AIB&aid=304142&ucfs=1&arphpl=1&checkin=2026-02-27&checkout=2026-03-06&dest_id=-370210&dest_type=city&group_adults=2&req_adults=2&no_rooms=1&group_children=0&req_children=0&hpos=24&hapos=24&sr_order=popularity&nflt=ht_id%3D204&srpvid=24364f4c77730267&srepoch=1768821462&all_sr_blocks=595113022_233509313_0_0_0&highlighted_blocks=595113022_233509313_0_0_0&matching_block_id=595113022_233509313_0_0_0&sr_pri_blocks=595113022_233509313_0_0_0__70800&from=searchresults,Umihouse apartamentos centro Alicante,708.0,2026-02-27,Alicante,
https://www.booking.com/hotel/es/cervantes-alicante.html?label=gen173nr-10CAEoggI46AdIMVgEaEaIAQGYATO4AQfIAQzYAQPoAQH4AQGIAgGoAgG4AoOluMsGwAIB0gIkNmNhY2FhZjctYjEyNi00ZTViLWJmZTMtNzEwZDczMDJlNDky2AIB4AIB&aid=304142&ucfs=1&arphpl=1&checkin=2026-02-27&checkout=2026-03-06&dest_id=-370210&dest_type=city&group_adults=2&req_adults=2&no_rooms=1&group_children=0&req_children=0&hpos=25&hapos=25&sr_order=popularity&nflt=ht_id%3D204&srpvid=24364f4c77730267&srepoch=1768821462&all_sr_blocks=1350709_365073949_0_1_0&highlighted_blocks=1350709_365073949_0_1_0&matching_block_id=1350709_365073949_0_1_0&sr_pri_blocks=1350709_365073949_0_1_0__73000&from=searchresults,Hotel Cervantes,730.0,2026-02-27,Alicante,
